date,NK_FUT_CME,SOX,DJI,TEL
2019-01-07,,,,
2019-01-08,,,,
2019-01-09,,,,
2019-01-10,,,,
2019-01-11,,,,
2019-01-15,,,,
2019-01-16,,,,
2019-01-17,,,,
2019-01-18,,,,
2019-01-21,,,,
2019-01-22,,,,
2019-01-23,,,,
2019-01-24,,,,
2019-01-25,,,,
2019-01-28,,,,
2019-01-29,,,,
2019-01-30,,,,
2019-01-31,,,,
2019-02-01,,,,
2019-02-04,,,,
2019-02-05,,,,
2019-02-06,,,,
2019-02-07,,,,
2019-02-08,,,,
2019-02-12,,,,
2019-02-13,,,,
2019-02-14,,,,
2019-02-15,,,,
2019-02-18,,,,
2019-02-19,0.36533664806146326,0.37063177396442604,0.49285080370576473,0.6581084819411599
2019-02-20,0.3666528228091032,0.3637176841108156,0.48582433791173196,0.642989761572423
2019-02-21,0.3662260419129134,0.3630435101886221,0.4862590578699281,0.6427937679501355
2019-02-22,0.3703494715983072,0.36967012593763443,0.4915188498820026,0.6439124018154326
2019-02-25,0.3702134387237379,0.3706084397201424,0.4924476527675423,0.643431793451956
2019-02-26,0.36045773741772963,0.36634777020505394,0.49291479292962426,0.6480140010849836
2019-02-27,0.3561177946264197,0.35777377758178697,0.4855330395518039,0.6408828948277516
2019-02-28,0.35415545638690094,0.37822529940755517,0.49706956720204976,0.6509563520165741
2019-03-01,0.3374669215263532,0.3678425470864024,0.4729918092987661,0.652109262174097
2019-03-04,0.34957013597790587,0.36947479226603763,0.47101277513070167,0.6589861584597425
2019-03-05,0.35666801600554826,0.37256249659216567,0.4825316393236671,0.6649345094578646
2019-03-06,0.358638672669444,0.38065776871701557,0.48650519064689335,0.6688805181649632
2019-03-07,0.37149562975298434,0.39864252258704236,0.4981801249405386,0.677558029151587
2019-03-08,0.4161346061689573,0.4200033066477986,0.5266099560524324,0.704302712967499
2019-03-11,0.39578572257214467,0.4169935915100254,0.5218150154012555,0.7050787109378569
2019-03-12,0.4028498104912919,0.4405626397456647,0.5272466622168278,0.7113857259372064
2019-03-13,0.3864354388124155,0.4347990042810108,0.5361379602687641,0.7188643202633718
2019-03-14,0.38640299019678986,0.43472895687899965,0.5333241860250704,0.7180556116683122
2019-03-15,0.3747551399705384,0.4233926923545578,0.5271770375055371,0.7205256426391051
2019-03-18,0.3776194079489233,0.42620851614051414,0.5286241981448205,0.7201948700834034
2019-03-19,0.37560221478835487,0.4276254863228682,0.5282809092519297,0.7205579027872202
2019-03-20,0.37533518250453923,0.42643175611251644,0.5271104404273562,0.7204732448146213
2019-03-22,0.3743920872489088,0.4178064906877536,0.5269451029738148,0.6919108496648022
2019-03-25,0.4681463261982636,0.4835798943123063,0.5950209474069933,0.6835609205900111
2019-03-26,0.43836434581664807,0.4270853028145838,0.5681649177042614,0.66626669068411
2019-03-27,0.4196938546286243,0.4236558974679483,0.5636568039542432,0.6611875098619255
2019-03-28,0.4255056292402666,0.4422440779734263,0.5617184615620444,0.6665238692736599
2019-03-29,0.4221888492257244,0.4360292675926949,0.5615470813629974,0.6609040284114327
2019-04-01,0.41956045414927623,0.44344692164058447,0.5675320754777233,0.6647860247775306
2019-04-02,0.4076182263585987,0.4339406504754626,0.5552626835063106,0.6540436969285156
2019-04-03,0.3964070412101264,0.42897430765651107,0.5415032786502295,0.6577159570982224
2019-04-04,0.31113590709029587,0.369874982826291,0.48456268990552076,0.626220054103823
2019-04-05,0.31063127187282674,0.3620091390736219,0.48373643405786154,0.6248749060824171
2019-04-08,0.30748880715833526,0.3732534869302477,0.47266164770436425,0.6230412244235749
2019-04-09,0.30779666872356787,0.41882097182127437,0.48585376135639463,0.6606457035987432
2019-04-10,0.3104809999978971,0.42202388593167406,0.4879632752240188,0.6631670215166925
2019-04-11,0.3460195920269639,0.434730745997277,0.5050871097806305,0.6577464445710463
2019-04-12,0.38730350007300096,0.430695432021452,0.5124882788621137,0.6522824340186332
2019-04-15,0.40450381641776756,0.4359798403487923,0.5316350742197081,0.645147611004438
2019-04-16,0.411646459805464,0.42867341740756754,0.5236952029776579,0.6347313754738607
2019-04-17,0.424365322896543,0.4237442840784772,0.5352282490519448,0.637970516053804
2019-04-18,0.4208407504828535,0.40515478822643874,0.533884100495577,0.6331061475722751
2019-04-19,0.4365075741088334,0.4095414489255096,0.5462537768877996,0.6339887689783383
2019-04-22,0.43891397294445267,0.40872552317878735,0.553470035502612,0.6594495928039503
2019-04-23,0.4419304052929713,0.40346870628521486,0.5607604955211632,0.6570036780946843
2019-04-24,0.4605715253164036,0.4237145247782975,0.572865759759184,0.6635214718777885
2019-04-25,0.4577421646887975,0.4367402779228982,0.5778406872902861,0.6738710540665541
2019-04-26,0.46316937477583237,0.42884475380743453,0.5820012514153075,0.6820036255863547
2019-05-07,0.44956161379667947,0.4311646306164582,0.5740871118400203,0.689267105369893
2019-05-08,0.48367533829860443,0.4608617837047222,0.5960996218795273,0.7034653135217211
2019-05-09,0.49116851100502845,0.46557389622534806,0.5919050413049209,0.6991405913974252
2019-05-10,0.4933413890846303,0.46727602171372584,0.6012897789756702,0.6993192996024021
2019-05-13,0.47726846529476147,0.4656792782727579,0.5919359805494647,0.7025942391966588
2019-05-14,0.45906759897027544,0.4798720941269751,0.5627439137521087,0.7146897300215522
2019-05-15,0.43209402617932446,0.45294458253838177,0.549014929236893,0.6890142885822128
2019-05-16,0.48651698348516537,0.4662110190551296,0.6059802530606088,0.6571573055889789
2019-05-17,0.46285675041651825,0.41885292605344593,0.595352234355213,0.6416753731460585
2019-05-20,0.46545538903930983,0.4057087721570069,0.5932639737475844,0.618178406552914
2019-05-21,0.4613044886679993,0.39668233443461176,0.589978779601332,0.6117146109453931
2019-05-22,0.4386518592096744,0.39441675763236805,0.5489262560219241,0.6317756346229517
2019-05-23,0.4435248708178911,0.40255062837380745,0.5520508395492805,0.6362171519484643
2019-05-24,0.4313177719389098,0.4047110039753094,0.54505973296985,0.6402691319482394
2019-05-27,0.4319887051756937,0.3997488238432384,0.5461242983602517,0.6408682278258008
2019-05-28,0.43111148515247943,0.3987661068597389,0.5453671722461082,0.6419795341452117
2019-05-29,0.4337279335267813,0.3994582639430649,0.5555655474584938,0.6491346064915153
2019-05-30,0.4421911122899038,0.40237034598688454,0.5579632661175128,0.6254010242564988
2019-05-31,0.4214362837292528,0.38216099346471943,0.5361160819796604,0.6428665862834751
2019-06-03,0.4398248885579961,0.3846060771417316,0.5444687120616348,0.6448744686169816
2019-06-04,0.45036402857710894,0.38830957055667126,0.557115931291357,0.6292662169524758
2019-06-05,0.4599756041615417,0.43235332034915336,0.5914788481972315,0.6285753605296173
2019-06-06,0.4590940471634222,0.43176501274348006,0.5857587828910005,0.6209654932756911
2019-06-07,0.46385136735488536,0.43535633680888547,0.5906662008745553,0.622617740840519
2019-06-10,0.46860061663250785,0.43598793996519775,0.5995021691428092,0.6227725526666601
2019-06-11,0.4487948488876897,0.43043638735024875,0.5908066478782532,0.5953546258513391
2019-06-12,0.46471308643466086,0.4310879452798071,0.5936995802629274,0.5921153852761802
2019-06-13,0.4597897003443011,0.41062148267784027,0.5855556408039919,0.5704226068791429
2019-06-14,0.4779814515980383,0.42021794659999573,0.5846531877637016,0.5497156445259362
2019-06-17,0.47777636655579747,0.41084931280832654,0.5871018103230188,0.5424290746414132
2019-06-18,0.48216425646285904,0.4212057946759347,0.5868631984080146,0.5365226171957959
2019-06-19,0.48384169735801036,0.4564037057293,0.6064709230315997,0.5608046667435578
2019-06-20,0.4871504559272742,0.4548796000021263,0.6063452552742963,0.5630710406036702
2019-06-21,0.46736976269336444,0.43975493346418804,0.5751241031119978,0.5427891999855413
2019-06-24,0.45808432301019913,0.4418752670637575,0.5739401533311481,0.5615030314833749
2019-06-25,0.37028358831200786,0.395763194467764,0.5114523047655344,0.5694293223403365
2019-06-26,0.4116007204244366,0.4625881714361031,0.5494716947579202,0.560271692198284
2019-06-27,0.42601706183028465,0.49084172065111337,0.5401612997015689,0.5847493025279855
2019-06-28,0.4192671904148128,0.47327250847544067,0.5525232085572626,0.5827809717541113
2019-07-01,0.4214668436019019,0.453063069922302,0.5310470346045465,0.6264272004026649
2019-07-02,0.41842203935656924,0.43816113731403644,0.518293900043128,0.6098430006825458
2019-07-03,0.42646422797087224,0.45104403171911167,0.5258031758909244,0.6243589672016285
2019-07-04,0.4435937361636834,0.45381775572188565,0.5452638410116039,0.6151760712456976
2019-07-05,0.4481030833817323,0.4580465785837928,0.5445772989531059,0.6115624222062265
2019-07-08,0.44772659021534944,0.45914853492002433,0.5402626500984933,0.6001423423909797
2019-07-09,0.44753768836070973,0.45976870192074715,0.5370853699774962,0.5918670642367785
2019-07-10,0.45014341807348657,0.4573750761578934,0.5407930779822551,0.5912670852580335
2019-07-11,0.4431870799412016,0.45564411106564673,0.5373618445980555,0.5946870041999085
2019-07-12,0.44402850113520576,0.45584949194743307,0.5364521703303321,0.5939553040960155
2019-07-16,0.439840355490119,0.4272171953749807,0.5135468129210923,0.5943024243619449
2019-07-17,0.41528643947554084,0.41920020321834145,0.4949269107778363,0.6033581422251136
2019-07-18,0.41775695685094494,0.3958410435494189,0.49761691188867907,0.5792985025017892
2019-07-19,0.35823791177208003,0.40736578761388176,0.4685010078540671,0.6021687612689234
2019-07-22,0.3608033284128987,0.42783651593490396,0.47143194241520636,0.6032669160009577
2019-07-23,0.3731228681842521,0.4417268343431649,0.46349926736709207,0.6102099675755946
2019-07-24,0.3785810634289222,0.4452102371234182,0.4674515073431136,0.613537649876638
2019-07-25,0.37972026474172277,0.4432158757642862,0.46597900640706136,0.6092692618873475
2019-07-26,0.3867631052635114,0.450591832252058,0.47438665424219484,0.6106786037309597
2019-07-29,0.3940878945907402,0.447568559518592,0.4793364359674597,0.6094005063940218
2019-07-30,0.3935651884273812,0.44811165743692083,0.47874723901562705,0.6113378962687399
2019-07-31,0.41466301702884634,0.44186212122074797,0.484962173628072,0.5949463358192685
2019-08-01,0.3628038225057985,0.4020987280934907,0.4278002046972227,0.5811428835512936
2019-08-02,0.39378592504269416,0.4195712467739935,0.46497618268360147,0.569782167575411
2019-08-05,0.40470860305705947,0.43051021515099513,0.4665707722029966,0.5818749966853972
2019-08-06,0.41981982715604094,0.4394152389259565,0.4619468985320923,0.5682600169391835
2019-08-07,0.3997539259470843,0.4321347470547471,0.44995183796596794,0.5696520869587085
2019-08-08,0.38852824496964194,0.42614865205898755,0.44109015063260615,0.5661346389269372
2019-08-09,0.3966743286573124,0.43782072464583266,0.4531757830956269,0.5604570011363429
2019-08-13,0.41761783906624134,0.4804521768150555,0.4648080851887842,0.5639465696985906
2019-08-14,0.4404959424715051,0.5071045667586106,0.4863508555540896,0.5864063009922479
2019-08-15,0.46578125485655436,0.5440863229294954,0.5047774693611894,0.5858086942229348
2019-08-16,0.46668121762237336,0.5464530232964017,0.5062165686221757,0.587675650899097
2019-08-19,0.4725191525897285,0.5499526031753231,0.5126169457975178,0.5722928831913167
2019-08-20,0.4816426043503128,0.5567707010991653,0.5215872859130672,0.5807774079670721
2019-08-21,0.48136471279703646,0.5635070250398105,0.5210557661974529,0.5796094966991783
2019-08-22,0.47947546417135994,0.5655176538333456,0.5198593616311887,0.5779956493620848
2019-08-23,0.47223587215006885,0.5593054827437419,0.508670417722752,0.5663001326268025
2019-08-26,0.508980481299881,0.6020819933480513,0.5574508844239416,0.608828800578812
2019-08-27,0.5466182746516627,0.6270763028656259,0.5845927368368369,0.5912945444705212
2019-08-28,0.5333311307422544,0.6206468180350917,0.572031177698463,0.5765575813155087
2019-08-29,0.5316573124032384,0.6200321889280714,0.5658158872346166,0.5856980489416225
2019-08-30,0.5228821449963338,0.6018488225490074,0.5470573955720583,0.5807652917088668
2019-09-02,0.5238674034250803,0.6000446875979658,0.5482972287265138,0.5848751675589912
2019-09-03,0.5218460302263674,0.5973150832387217,0.5449369815023982,0.5774299578241008
2019-09-04,0.5138998506072412,0.5874802585185617,0.5239813270460645,0.575968668092509
2019-09-05,0.5262361822952566,0.6058255163839243,0.5319043910715961,0.6057962336554505
2019-09-06,0.5327299300532816,0.6086852595028354,0.5354852926183836,0.6032349434101435
2019-09-09,0.5310499441858447,0.6053391733241404,0.5353741563103561,0.618626194287568
2019-09-10,0.5320539313837218,0.6052407995794273,0.5341932452198462,0.6355063182727902
2019-09-11,0.5340794594344116,0.6140409799054215,0.5334323791848351,0.6419758093865725
2019-09-12,0.5464333938649102,0.6149816347173389,0.5418546916985505,0.6417263339777256
2019-09-13,0.5498338558288894,0.5831438239672599,0.5203230103968269,0.6036449423403113
2019-09-17,0.5489140406753713,0.583313647032729,0.5198886033062142,0.6029439466640598
2019-09-18,0.5656852137616605,0.5979741301412791,0.5469775983184343,0.6207987514563686
2019-09-19,0.5738268306482923,0.5990283740127267,0.5473855640254727,0.6286468387436683
2019-09-20,0.5744879549491503,0.5983811916504379,0.5481895257492835,0.6371204800414851
2019-09-24,0.5699030159211396,0.5925047522961372,0.5427143280717153,0.655488998202596
2019-09-25,0.5785045169566251,0.5802270888290431,0.5537495406435097,0.6460810356679246
2019-09-26,0.581492996831985,0.5858937981349632,0.5531201977064237,0.645930221146803
2019-09-27,0.5816950767759594,0.6117977990523313,0.5709776768301074,0.6098037210948362
2019-09-30,0.590093518568734,0.6229732412678041,0.5717837865839627,0.6250347188154965
2019-10-01,0.5979183661594398,0.6220114330791697,0.5783964966295333,0.6254848254207104
2019-10-02,0.6015621026333541,0.626957211177489,0.5803038198736701,0.627720843293795
2019-10-03,0.6170985013730258,0.6311280215780991,0.6095490367141018,0.6128147161069974
2019-10-04,0.6194715861382065,0.6319353831502001,0.614904410709165,0.6161428939658874
2019-10-07,0.615450618482209,0.6269756650845367,0.6020218482979346,0.6365583184458259
2019-10-08,0.6049284499908175,0.6118624021959709,0.5884782257282841,0.6399066495755675
2019-10-09,0.6103376012844715,0.6124871236814965,0.5919305161383033,0.6346841838797406
2019-10-10,0.6119270434279396,0.6145640675906913,0.5949222268384919,0.6377713519550914
2019-10-11,0.6153199125778868,0.6481165221886767,0.6202206722971346,0.6305632957655245
2019-10-15,0.6266343647469276,0.6569444582199654,0.6307482038574026,0.6280892966166953
2019-10-16,0.6447334355734171,0.697565396366542,0.6504556318839635,0.6348988612833262
2019-10-17,0.7013889889872171,0.6988824018511917,0.6753598337254314,0.6048446465837756
2019-10-18,0.7042483877160707,0.6989375096219382,0.6750421913940948,0.6025474721664656
2019-10-21,0.7017904950405971,0.6890131901686466,0.6715788775381893,0.5923579087700193
2019-10-23,0.7026282251270869,0.6885800300880539,0.6703942904093844,0.5244127777783085
2019-10-24,0.7028131377798305,0.6817111652564232,0.6714893583876395,0.5452913156270843
2019-10-25,0.7006174430392057,0.6722129120627941,0.6697708904958904,0.5337035813557338
2019-10-28,0.7015139254407776,0.6700944910072226,0.6718869256581267,0.5257588606844402
2019-10-29,0.7039378831113206,0.671300457291631,0.6732349507341154,0.5259566895133909
2019-10-30,0.6998928638762555,0.677226532451785,0.6764315321861797,0.5339457547150229
2019-10-31,0.701511370377464,0.6952733060766674,0.6851992313729067,0.5356144587677227
2019-11-01,0.6974275977814891,0.6937527521938506,0.6876415646926366,0.5342170398436108
2019-11-05,0.7181894575882146,0.717127743849707,0.7194692507143404,0.4655596286631602
2019-11-06,0.7247200589153417,0.7176320574741163,0.7274804190386098,0.47734899052338564
2019-11-07,0.7609804618033403,0.7276509537200816,0.7529047397819872,0.47500433819226495
2019-11-08,0.7595445839909198,0.7273265367233942,0.752453876221391,0.4644260680578005
2019-11-11,0.760564443621277,0.728560257636034,0.7569627417430096,0.46408370747903305
2019-11-12,0.7319889531167986,0.7018527761994267,0.7377180959277059,0.461131210923279
2019-11-13,0.7122738663637301,0.68426913033921,0.7231915985927436,0.4508074810720186
2019-11-14,0.7006996061626559,0.6563430382753367,0.6965340914927701,0.445276475914598
2019-11-15,0.6848327088786713,0.6488821326376609,0.6938443408693835,0.4602855485855377
2019-11-18,0.6827863362456121,0.6483528110180217,0.6924809040481427,0.4732317176738351
2019-11-19,0.679031381821872,0.6468914735839381,0.6870346760931153,0.4802734692105774
2019-11-20,0.6822856356771668,0.6460569078611625,0.687164009320882,0.498931376676328
2019-11-21,0.6938944393366446,0.6534101458930713,0.7005419742015461,0.5084246505320065
2019-11-22,0.6974142372139344,0.6478592674549183,0.6982142106912518,0.5078463497684969
2019-11-25,0.6506885248970448,0.5764829611950295,0.6347133827401824,0.45557680780416754
2019-11-26,0.6390772637814077,0.568915486974051,0.6250728691350571,0.44670208392899785
2019-11-27,0.6419621115738363,0.5666795828787453,0.62726519160242,0.4476222740110712
2019-11-28,0.6390324005413716,0.5653263859895371,0.6459987744231724,0.4472606689287876
2019-11-29,0.6317896191805539,0.5494900907596991,0.629364900941254,0.4373830876166561
2019-12-02,0.5759067400724212,0.529449048657459,0.6091496390648867,0.44036850344759776
2019-12-03,0.5822895772886099,0.5401597448965394,0.6209128152354898,0.4357043985920438
2019-12-04,0.5856529858526373,0.5604845937548701,0.6528808183000174,0.45122723773480494
2019-12-05,0.5814656127261247,0.5330770257486319,0.6470204721388921,0.3773216600093548
2019-12-06,0.5813247267793841,0.5344505894186793,0.6537032554604537,0.38145211643122284
2019-12-09,0.580709675344884,0.5353493038777447,0.6421117352351267,0.37295740619516915
2019-12-10,0.580148133289003,0.5360566452934912,0.6429160657996277,0.37617135843996574
2019-12-11,0.5776933664512047,0.5372276317221273,0.6450788230110726,0.3780742888817904
2019-12-12,0.5703466696667105,0.5213942901565874,0.6387279534691571,0.3325580040006803
2019-12-13,0.5860260220288827,0.5608926785513769,0.6406943967033899,0.46597758925842175
2019-12-16,0.5776392750325693,0.5650635840314947,0.6408572388441414,0.46583721779251536
2019-12-17,0.5863068342598943,0.5684215972129064,0.6439696214361941,0.45308818091116826
2019-12-18,0.5881233649985977,0.5621692299806885,0.6380846193154575,0.4608066664592583
2019-12-19,0.5911472926048065,0.5641101076745993,0.6396065783850124,0.4656810431178416
2019-12-20,0.5961704591078059,0.5616837224269289,0.6356587433368596,0.46689831074594046
2019-12-23,0.5926234962746414,0.5546413454263828,0.6309505173063079,0.46574543120063766
2019-12-24,0.598193896323124,0.5598959556789445,0.6328424518368425,0.46648417959861066
2019-12-25,0.6179305523825513,0.5627469776403375,0.6309686679200606,0.4630507373294198
2019-12-26,0.6123330903066402,0.5486084527220301,0.6244156972786772,0.4602023175814778
2019-12-27,0.5928134782826915,0.5453819868132278,0.6142248410191814,0.4565396731553146
2019-12-30,0.5990649017215199,0.540872141203224,0.6048485487245149,0.4443582342421429
2020-01-06,0.6150221458532074,0.5012619172546108,0.503624036521953,0.5132861920904181
2020-01-07,0.6057267388003919,0.44907774750280477,0.4922068457589217,0.5058132046089502
2020-01-08,0.5924443390167785,0.39740648845732557,0.5487762856940994,0.5063866495588417
2020-01-09,0.6031628556317487,0.3836281101549413,0.5762780246885619,0.5601108576286019
2020-01-10,0.5959975346949392,0.3670381242956562,0.5725760836561348,0.5675745938885083
2020-01-14,0.6009481890723115,0.3661691579873406,0.560552682791034,0.5711368935362355
2020-01-15,0.5958221939615418,0.36060556938552724,0.5515610624535023,0.5788019549521114
2020-01-16,0.570810093015999,0.3221357564184638,0.5165389143653858,0.580170809065632
2020-01-17,0.5548627975789087,0.3012198790315319,0.4976339263330175,0.5743282101250207
2020-01-20,0.5541413719645183,0.30032609880767785,0.49677019649808934,0.5736312354192086
2020-01-21,0.5507581401074058,0.3012771912880763,0.49598584743854407,0.5901527917257773
2020-01-22,0.5153961112220863,0.30253336024563987,0.4978663230853744,0.5955463395348273
2020-01-23,0.4997838441349712,0.28583049667297084,0.49978786813164017,0.6413461833719533
2020-01-24,0.4963814652168881,0.3162562854131007,0.49894150795816056,0.6385684963756963
2020-01-27,0.5093936176283271,0.3518129564793767,0.5308142729680262,0.668571719985008
2020-01-28,0.4952028750404644,0.35295043169624507,0.5151243058153252,0.6772753012195157
2020-01-29,0.5003066308711975,0.3600269616599981,0.5188772383807361,0.6842401598744325
2020-01-30,0.4991588586384986,0.388270364366204,0.5034462572035082,0.7040564750311527
2020-01-31,0.4903670810834089,0.38096673204271325,0.5067350726028079,0.7106251871967078
2020-02-03,0.5054478702489081,0.4031215417018374,0.5087115315095075,0.7205593669871055
2020-02-04,0.46892296414124546,0.3428736106991642,0.46942537695013986,0.7530873238186594
2020-02-05,0.486976963654689,0.36864441651058155,0.4881094771239196,0.7516818856705978
2020-02-06,0.5156480786401167,0.4096072013968444,0.5443565291913448,0.7018379079567068
2020-02-07,0.5072755116251975,0.4089587282936056,0.5425150812258259,0.7135932823140925
2020-02-10,0.5117683944928613,0.41856316019772466,0.5465341518278443,0.7137682837798673
2020-02-12,0.5298426825836537,0.4371295585517717,0.5557418006912832,0.7134774240118487
2020-02-13,0.5409807506285702,0.4359030407988769,0.5451951458094879,0.7096778995804749
2020-02-14,0.5411068627626539,0.43621174639526056,0.5589691664858305,0.715473148891017
2020-02-17,0.5651879845864606,0.44422552171871404,0.5639881619350618,0.7150058489363218
2020-02-18,0.5519833024879077,0.43673655682569223,0.5537317783960062,0.7249520075729392
2020-02-19,0.5104260779146915,0.40968601460175763,0.5307026150459093,0.7263031692168878
2020-02-20,0.5013812377693166,0.40646204675906933,0.5282137161840558,0.7228271846955678
2020-02-21,0.49997031944828474,0.4053891749798939,0.52749564905142,0.7306494243199347
2020-02-25,0.6228408887233657,0.5528756544205461,0.6426623420827402,0.7218536930314093
2020-02-26,0.6225099898766406,0.5610325854538017,0.6158658090347809,0.7202633170685399
2020-02-27,0.5795577376240276,0.5390636071870822,0.6074164747447529,0.7298698078128965
2020-02-28,0.6528840025192865,0.5988858094858299,0.6835835257592849,0.7694255499225637
2020-03-02,0.6375631765833337,0.6066364599217015,0.6539145643902448,0.7693504832593796
2020-03-03,0.5964915331746288,0.5606936663879235,0.4995205024883713,0.7726856259260262
2020-03-04,0.5930606410534662,0.555706402803009,0.47999428460621024,0.7799661478288198
2020-03-05,0.6027722200738029,0.5649680952045057,0.4890009121823724,0.7776916028840171
2020-03-06,0.6299961042619273,0.5824168758511257,0.5276412006762125,0.7776446578746856
2020-03-09,0.6124867591757052,0.5642616310369322,0.49795734009199294,0.8009177352836359
2020-03-10,0.4434993429135318,0.44848255498133666,0.3521899369825351,0.8008811124482114
2020-03-11,0.32085955592710386,0.3566682931930157,0.2613900660893079,0.8088823936775503
2020-03-12,0.3810483611920406,0.4208346894048391,0.35734224025782635,0.8068094747642789
2020-03-13,0.5404522044834463,0.5463035983722322,0.5099795839344494,0.825539476719088
2020-03-16,0.4587645905875955,0.4263267616215727,0.38556523117469266,0.8449819550319114
2020-03-17,0.3929216348126107,0.31630379814281956,0.2978335321664455,0.831785711640921
2020-03-18,0.3578923398483433,0.27354313443555495,0.2705505243396895,0.8265279567934088
2020-03-19,0.35626536400662107,0.2688955523144103,0.26930497493667327,0.7831356136663042
2020-03-23,0.37498339471594516,0.2719935141705593,0.2386001383866617,0.7920898161198598
2020-03-24,0.3687951648521674,0.2909394916007835,0.16126898807328455,0.8487449538936099
2020-03-25,0.48363942511680585,0.3909321433558329,0.3177521430696678,0.8202689716515684
2020-03-26,0.4662065449694046,0.38506999627204225,0.2824102671678595,0.8220890418976402
2020-03-27,0.4635130409067786,0.4118404340249312,0.318998172944412,0.8294580091866663
2020-03-30,0.46500485319838814,0.4162957391298028,0.3241655211330319,0.8299318886935121
2020-03-31,0.4628285568715193,0.41057949478468453,0.3181810289744369,0.8284823475549973
2020-04-01,0.468052678006446,0.4113494288993114,0.32030893864976756,0.8297112376708734
2020-04-02,0.46650269899028496,0.4137354092966782,0.32398424346186566,0.8298024707589813
2020-04-03,0.46317217692314455,0.4157330956181847,0.32710387684933584,0.8288583237288404
2020-04-06,0.432254535844511,0.3958194427095094,0.307157256338234,0.8400648858714661
2020-04-07,0.44866201601449845,0.4163906743650829,0.3267379536919699,0.8421301470262395
2020-04-08,0.4468651970528862,0.415214488164416,0.32424292767584556,0.8395879268471123
2020-04-09,0.44594239684007336,0.4143925513798057,0.3228406847244491,0.8388741861261995
2020-04-10,0.44742176249286614,0.4092924228246698,0.3250128753882757,0.8337737662247511
2020-04-13,0.44378285019645947,0.4063877093216241,0.32223312589470793,0.8361099944931655
2020-04-14,0.42614942262101296,0.407745360738171,0.3108662228621694,0.8393838561400525
2020-04-15,0.42329948847973375,0.40310810817327886,0.3081310159025742,0.8395642448699674
2020-04-16,0.4239149395505921,0.4047157504543204,0.3095010068574082,0.8358945010459131
2020-04-17,0.41569751528398335,0.41030168219505814,0.3080008539604931,0.8392531751625681
2020-04-20,0.4112043576076262,0.4090202444729899,0.30248359085857457,0.8388910000757137
2020-04-21,0.41433664972278333,0.41256369497293616,0.30678437170075795,0.8402438264810435
2020-04-22,0.4146831617544535,0.4115951897285368,0.3072229202263165,0.8400051771102134
2020-04-23,0.4183898640278436,0.4190022875105605,0.31241248640710373,0.8332807699000536
2020-04-24,0.4175578116317082,0.42010121772431613,0.31159854350764576,0.8315817773355754
2020-04-27,0.4139761916561402,0.42190315219790064,0.3133813704712315,0.8323529875403143
2020-04-28,0.4142769060768808,0.42036625909632697,0.3150948295029393,0.8313230393427766
2020-04-30,0.42305584931255136,0.42840388803726637,0.3198510573184014,0.8331465073754458
2020-05-01,0.426526020393564,0.43365052014056055,0.3192715552674575,0.8357676540613143
2020-05-07,0.4204721625267364,0.4317070203428078,0.31545398143223935,0.8334854048702701
2020-05-08,0.42444019044085823,0.4285403981568449,0.31504911302501676,0.8291979197229294
2020-05-11,0.4242605344665969,0.4281494051116792,0.31339308957943957,0.8363496509283209
2020-05-12,0.4241551846421376,0.428140502183329,0.3133447979334498,0.8363603538932382
2020-05-13,0.42387933481716034,0.42771459561023356,0.31328911957280575,0.8364218197140142
2020-05-14,0.4204608192458702,0.4271385954168806,0.315117640981782,0.8382234634129697
2020-05-15,0.41958604015591544,0.4289244667558509,0.3169057093598767,0.8402056697111648
2020-05-18,0.4192260441439359,0.4263892095743842,0.3173444617836448,0.8300858634300541
2020-05-19,0.42458114601331204,0.4321250362378863,0.32458207039322334,0.8288035979689328
2020-05-20,0.4231975911765551,0.4322867221008265,0.32313042913337053,0.8313664838133652
2020-05-21,0.4257496367302387,0.4330185327080305,0.32353988787869004,0.832357866450133
2020-05-22,0.4256295824105994,0.4330607458336075,0.32312567368481016,0.8317076780647901
2020-05-25,0.42589187984312316,0.43282821215082207,0.32238935631062654,0.8320413591877677
2020-05-26,0.4039657357576659,0.41164598507646183,0.307085892585361,0.8308723894513665
2020-05-27,0.4050615793128246,0.41094166898624085,0.30710036056749157,0.8204171246671967
2020-05-28,0.41385157911779197,0.4145819740118597,0.31295784840720453,0.81760054704579
2020-05-29,0.39447932835087696,0.4015937316738328,0.29566690556050734,0.8088801780810142
2020-06-01,0.3967594751452244,0.40158040914488546,0.2978356221601642,0.8084215201834037
2020-06-02,0.40451542331677115,0.4079460044024994,0.3125337004847318,0.8077544619057416
2020-06-03,0.40876499403064215,0.41134806901773013,0.3150344062746953,0.8078608315781756
2020-06-04,0.4067374307780137,0.4088264311205191,0.31181409494819995,0.8079918101912207
2020-06-05,0.3957149614201138,0.40245878096450244,0.300313241663279,0.8065720236812459
2020-06-08,0.39411920341254764,0.4049353053487155,0.3069491734475704,0.799268883299461
2020-06-09,0.4242188491645932,0.42427184096860904,0.3242979925326551,0.8008084453088887
2020-06-10,0.46707955069293583,0.4542434547737023,0.3516263454994227,0.7959834227313478
2020-06-11,0.43942269479563667,0.42576665071152775,0.3183066350935718,0.7933666631075124
2020-06-12,0.3289827257892814,0.35508661812471864,0.22490120254760024,0.7810961561138284
2020-06-15,0.3568144372679279,0.40691000377830133,0.2722230608925746,0.7869614271809333
2020-06-16,0.3578829754400133,0.45793134267767016,0.2998567732752445,0.7940709487361052
2020-06-17,0.3923766125840007,0.5183919951809874,0.3276061286623312,0.7970921722224958
2020-06-18,0.3842314316802981,0.5278137113816161,0.31940199236745376,0.8113941871121044
2020-06-19,0.3771823354035932,0.5286198130777925,0.34298563063315163,0.7898401233512938
2020-06-22,0.3830877254340787,0.5307452157237456,0.441003815022577,0.7617033300930494
2020-06-23,0.21296975795089207,0.4315530191326807,0.28639528761459704,0.7691265025871862
2020-06-24,0.2183371947215442,0.431685537059756,0.34250880775014925,0.7602437871736979
2020-06-25,0.22505046077163565,0.39912489236585197,0.29844188928651694,0.7440647203757591
2020-06-26,0.2157184973500225,0.3811860385075338,0.2787604043751937,0.7390001943826857
2020-06-29,0.22845629479486043,0.41138631783909796,0.322200979404881,0.7400640311000646
2020-06-30,0.18237246961460796,0.3977521603784296,0.30729837777631813,0.7290590459414354
2020-07-01,0.14327852798072965,0.36623121482139354,0.27956256615438513,0.6947634264121693
2020-07-02,0.15116598450814703,0.3731898945109648,0.2851780537628232,0.6952468587129391
2020-07-03,0.2170581294867509,0.4351726203620905,0.33945209084428357,0.667167800339695
2020-07-06,0.17008107855670032,0.41643844491368104,0.30897791368615135,0.6641603619641787
2020-07-07,0.16519790329870865,0.41764479192414167,0.30764413532407503,0.6556839899606711
2020-07-08,0.173610800132485,0.4319006480661001,0.32721180594499616,0.6585136651410789
2020-07-09,0.1694031823211167,0.4439348697423749,0.32539342351844647,0.6651675770645975
2020-07-10,0.17497764851086237,0.4408700591357029,0.3387299114059526,0.650568191882001
2020-07-13,0.2293387710419536,0.4284269368984212,0.3845127776402082,0.6120203958955823
2020-07-14,0.24179252721348984,0.4593222264525771,0.3978265661217407,0.6138373559935112
2020-07-15,0.2318243863906629,0.4509384191046183,0.3950207841327914,0.6235194673732866
2020-07-16,0.2559102657793727,0.4379292269027778,0.4022793451037179,0.6121888428627438
2020-07-17,0.28529965914868877,0.4462840661497646,0.4381953971500295,0.6104251504122972
2020-07-20,0.26299352836316514,0.42972239444922805,0.4167154587652324,0.5904165830632856
2020-07-21,0.2538365649823286,0.42518876836334607,0.4072951267377728,0.5871079941593392
2020-07-22,0.25038771535531573,0.41727037939892897,0.39543066644803515,0.6003217467868065
2020-07-27,0.25704912043556005,0.41108793251644266,0.3986355470886996,0.5923396076356636
2020-07-28,0.2566776528476746,0.38227112863265406,0.3929634511664373,0.5847736486362082
2020-07-29,0.2711278466380288,0.39628398424332206,0.4022887475096399,0.5851262797427476
2020-07-30,0.23944540230582556,0.36248087601815177,0.3850296027627298,0.5723397965698598
2020-07-31,0.22140557702097377,0.2681301850278963,0.37903089684217733,0.5104506767258893
2020-08-03,0.19998765141286703,0.25502300679388057,0.3883358487882281,0.5073491974565738
2020-08-04,0.18670098183166237,0.2623988422905425,0.3894271272929973,0.5135573386870227
2020-08-05,0.17524527745323665,0.2496258914694871,0.3814421781383074,0.5127929830369854
2020-08-06,0.18082435275370273,0.25025541594737655,0.3733502558557674,0.5160360176439933
2020-08-07,0.1741256762253566,0.24473657320038344,0.3664931291692323,0.515299061143644
2020-08-11,0.17568878860023968,0.20166492330108285,0.3526718358207864,0.4904739400591681
2020-08-12,0.1795032987090659,0.19548167429822907,0.34950299580199706,0.48761903198002804
2020-08-13,0.2027074935662653,0.22491774403441997,0.35419875405470963,0.519523724070621
2020-08-14,0.17947995170023925,0.20072510925210615,0.3374093734475464,0.5226237916303187
2020-08-17,0.19263413712973634,0.2060364071655804,0.3494851321752919,0.5211814110040898
2020-08-18,0.20069273374882549,0.21785379937672167,0.35692329330019856,0.5178859394348818
2020-08-19,0.18911076410742633,0.20223871357610398,0.35354996771996117,0.5166538267893346
2020-08-20,0.18596211547418587,0.20752031915031202,0.3625877231102314,0.5228725620938109
2020-08-21,0.19428504045045394,0.21724905602118258,0.3759559132086444,0.5263885231357136
2020-08-24,0.18583811285600996,0.2154490704834793,0.37284421714811616,0.5536878221887288
2020-08-25,0.16787809202085968,0.20686265066541132,0.35734964713990386,0.5545061807518031
2020-08-26,0.17186550326734773,0.2046158774294997,0.35665945019350676,0.5594915051216603
2020-08-27,0.17253901925854215,0.1954522486188997,0.35847373889597145,0.5586656539209404
2020-08-28,0.16509504772275996,0.2184092282831001,0.35032163354639445,0.5706247808170771
2020-08-31,0.1274067482305493,0.21541851271439194,0.34615065439704235,0.5647911448164302
2020-09-01,0.12371852480047406,0.21342356619393824,0.3449245558297714,0.5627375009241166
2020-09-02,0.13286363183017122,0.21472988981004035,0.3478271371101711,0.5612337281179703
2020-09-03,0.12134614742645301,0.20937347882801755,0.33525505335303873,0.5590599975120552
2020-09-04,0.1414113420662073,0.23417094854208292,0.35941308050322396,0.5694545672607588
2020-09-07,0.14330175211503487,0.23727869096537382,0.3644040840645453,0.5646099265886354
2020-09-08,0.1436864694745113,0.2488855841383368,0.3513105290975844,0.5608470791816937
2020-09-09,0.12819576858553594,0.2620523855733908,0.40596635517371527,0.5638433166628951
2020-09-10,0.2719735089225371,0.32752827031095916,0.5279913381987553,0.4820731677354848
2020-09-11,0.41226272451963747,0.3161845417328187,0.555205568459079,0.38659425277219067
2020-09-14,0.46036422630065155,0.3265878514533608,0.5887078598519311,0.38385040144086663
2020-09-15,0.4585882361022655,0.31842617568983417,0.5728024511696164,0.3809077591122135
2020-09-16,0.4658219938711788,0.31893809242648236,0.5758219181771452,0.397391705795914
2020-09-17,0.4657669896029894,0.3233495898473917,0.5735063749230923,0.39894254256023254
2020-09-18,0.4611443155197827,0.3212999404959413,0.5699416069633195,0.3959890625022357
2020-09-23,0.4536609673098592,0.3216905040523126,0.5559801158385724,0.38634123432329204
2020-09-24,0.4117088805553229,0.3218144844104236,0.5531050064952656,0.36379684023741976
2020-09-25,0.3973456170049751,0.3206032122788176,0.5454208924148383,0.3447582253328828
2020-09-28,0.3826269646810221,0.29972812554964207,0.5055361658954164,0.30283146562021124
2020-09-29,0.37763320942779066,0.2894919952871279,0.48027762794368367,0.279286250694837
2020-09-30,0.38406092685894894,0.30822987503762067,0.4981623542360837,0.3583437675181968
2020-10-02,0.3938964586275858,0.2933301911505506,0.4773364877306031,0.34977663226983674
2020-10-05,0.38008819640268543,0.2430284327227839,0.4594490353103264,0.3161351825070446
2020-10-06,0.39639896541073183,0.2593440833321136,0.4773411943198438,0.27939449735271266
2020-10-07,0.42068873405457197,0.2747562342713566,0.49553811288471933,0.28495734918014787
2020-10-08,0.42030638935516784,0.27687330161394214,0.4962388073327162,0.30317876626495927
2020-10-09,0.4174574355043514,0.2721758618937389,0.4936453010106348,0.30367158626453167
2020-10-12,0.4111358525568861,0.2807691939559833,0.4758792460209334,0.29909928321122903
2020-10-13,0.3987112777049051,0.3049632973213207,0.45606454437235494,0.33848689448361485
2020-10-14,0.3994949967300665,0.29191107462959376,0.45585486857843144,0.3235355060812806
2020-10-15,0.38907373873657747,0.28139787999731913,0.4307322722522435,0.31362926992693385
2020-10-16,0.40846183274706704,0.28074353134374,0.4468603108948715,0.30339993541141835
2020-10-19,0.3992714188990214,0.2679037322190327,0.4447622755033395,0.30122787646853827
2020-10-20,0.39915911651812286,0.2708906160050365,0.44971334977897387,0.29919332077279764
2020-10-21,0.3961626004296481,0.26162209664654845,0.4532706050365519,0.28517558758400835
2020-10-22,0.3932469549486053,0.26297276318344637,0.46419537988230897,0.27685304682707906
2020-10-23,0.3997187403041732,0.262471280788948,0.46704906496852966,0.26617923712098723
2020-10-26,0.4248301945721014,0.2792134217705478,0.4700443919005862,0.26780079815503005
2020-10-27,0.4113740186979546,0.2560370588088093,0.4449999306092643,0.2689768934348708
2020-10-28,0.4123744193968846,0.2679056321633297,0.4521088263583431,0.26184647689066826
2020-10-29,0.35363929569690905,0.36965513295442626,0.4436604464669203,0.2914855051423044
2020-10-30,0.4905322007282967,0.3386498891349141,0.42304251212882094,0.3486141406900361
2020-11-02,0.34144468253352006,0.2816457386855939,0.38815372548236043,0.3403552524124412
2020-11-04,0.38781329298965067,0.31932762172647694,0.4498723158843685,0.33325733496715715
2020-11-05,0.4296785952678113,0.35853967101192935,0.4826113171847594,0.3743699858237453
2020-11-06,0.4419307597359514,0.37490592006257195,0.5011260687130644,0.36315852979639224
2020-11-09,0.46451426574062066,0.4220039159908104,0.4538939884953465,0.4128501264931047
2020-11-10,0.4461280376862133,0.42389497100127826,0.4430768239345634,0.4105327232497764
2020-11-11,0.3915412677492362,0.3195519050365911,0.44005810192080624,0.38558762087990883
2020-11-12,0.3979761416084162,0.32978442116698997,0.4376959240526233,0.3898829492333668
2020-11-13,0.38144405475879617,0.3377384817246089,0.4501566127452252,0.3635631414043718
2020-11-16,0.3760738834929653,0.34672668537407486,0.46288925524650854,0.42415162687797714
2020-11-17,0.37055652256056026,0.348591930965261,0.46312190125283603,0.4271440409437402
2020-11-18,0.3928289415921602,0.3509377814877924,0.46652546668404526,0.41913303753277276
2020-11-19,0.40244312547993494,0.35484942639697753,0.4715097484637948,0.4254194476131742
2020-11-20,0.4074033072340757,0.3448359042500615,0.46915016806691145,0.41950155574117337
2020-11-24,0.4191064952630488,0.33855806150878975,0.4428142903454082,0.48921538023043704
2020-11-25,0.4173597527946821,0.34113430893232183,0.44354359444995667,0.48716310777604144
2020-11-26,0.39896243278436033,0.3371083054568042,0.43713134892271693,0.49757724500431133
2020-11-27,0.39348971821771705,0.3236551779362028,0.46061312956581807,0.4661727465691635
2020-11-30,0.3846491995170914,0.30135037519818303,0.45300221265499324,0.4662427688747221
2020-12-01,0.32565654231880925,0.30584568731796546,0.4296756911212448,0.48499569816198335
2020-12-02,0.305399853181065,0.3003494073104563,0.42646725124987417,0.4842183557692252
2020-12-03,0.2965897421487641,0.28921666436041193,0.41777082939940124,0.47895211708416147
2020-12-04,0.26364101900831904,0.23697273143412823,0.3839610421826764,0.45820657241268503
2020-12-07,0.25730684002981924,0.19915639270239538,0.36422931396850433,0.4349222539294622
2020-12-08,0.2709868447009897,0.20109291675555424,0.36939271519832995,0.4310489847789935
2020-12-09,0.25838441952186286,0.14291639788102134,0.33950439950303135,0.39349813952157586
2020-12-10,0.251775533291104,0.14177354375547854,0.33311913798054804,0.4195301581812449
2020-12-11,0.2603022778211484,0.1561032921696583,0.35327471736825217,0.42666186823199514
2020-12-14,0.2535631114299955,0.15637322204314422,0.35193524219973377,0.43173192035677965
2020-12-15,0.256703890889863,0.1668349419383978,0.3694092911448009,0.44005439528159906
2020-12-16,0.2558593656918104,0.1695407628821398,0.36782724219640517,0.43994660272190794
2020-12-17,0.2521501099780789,0.15778051386140537,0.37111984597566233,0.4343512094615313
2020-12-18,0.2523545363557738,0.1582779101740079,0.36825342558212415,0.43574217658725595
2020-12-21,0.25188189992395005,0.1589853184278111,0.3723548737824237,0.4444809777262737
2020-12-22,0.2796310007545666,0.13380058610215237,0.3375013315242102,0.4839891637041616
2020-12-23,0.2757756528410274,0.13148464390788228,0.3345840260729557,0.48541919113215426
2020-12-24,0.27245898927276524,0.11601192875235375,0.32118178670931896,0.5191085464109325
2020-12-25,0.27395134166716195,0.11842468416728433,0.32652113173943037,0.5398988199722592
2020-12-28,0.25618997493431434,0.11753282866122797,0.31699760776621594,0.5288650497651052
2020-12-29,0.24566828102612404,0.11821018363811973,0.34239124053694114,0.5612926786070964
2020-12-30,0.20829270666717067,0.16652011451254345,0.35896546034198806,0.5968318684699643
2021-01-04,0.2159067002095422,0.13929616736762826,0.3414840226474244,0.607254160748712
2021-01-05,0.2212288573740531,0.14131853268570943,0.3482222146980186,0.5944409224254826
2021-01-06,0.21902025412662873,0.11483071546121998,0.32941202061237107,0.5932037925059644
2021-01-07,0.2009313035450729,0.10618696888385472,0.3516693744380493,0.5995856689015112
2021-01-08,0.2354732255458365,0.18625350827715098,0.36015764974972164,0.621702491254873
2021-01-12,0.22116187606630777,0.18624858425904092,0.3634818124855313,0.6230169804293835
2021-01-13,0.21592256333146986,0.18662000615045002,0.3615872123041111,0.6306097728645333
2021-01-14,0.22003000760786565,0.17837786386530585,0.3530602260073333,0.6116954505678864
2021-01-15,0.20364239548876778,0.15295251954558411,0.35476926137310116,0.5633210374225915
2021-01-18,0.2261393469192353,0.19013839607171273,0.3616788067835891,0.5806875797937548
2021-01-19,0.21516316350200188,0.1777193370459703,0.3445253885210241,0.589397478732886
2021-01-20,0.21303520530962752,0.15130857213357654,0.3404379459960627,0.5876692860151779
2021-01-21,0.19957880085335244,0.13616862438653554,0.33937060687119885,0.5823892657660222
2021-01-22,0.19111808749867218,0.12604218250293986,0.34136149690720125,0.5974297029883034
2021-01-25,0.1826716363597743,0.11272331317996355,0.3347307409258866,0.5964228545683827
2021-01-26,0.1695902112281897,0.10739966176347263,0.3368399701299885,0.5841920125278883
2021-01-27,0.1646426104032636,0.1019960291626922,0.3301212268982162,0.5840178372566183
2021-01-28,0.15447181577023075,0.1706874520797387,0.3768069055310576,0.6169923357273357
2021-01-29,0.19403755282144491,0.17467967963468198,0.35022945201866784,0.6289063113523974
2021-02-01,0.17988694987333329,0.17115085508606068,0.303178546178452,0.637838166234358
2021-02-02,0.17042589779618755,0.16393651341713797,0.25896041934530395,0.6564775728534694
2021-02-03,0.15023983864477933,0.1354401620350886,0.24768133038186702,0.6313516809982244
2021-02-04,0.12046789122020272,0.14550506373099573,0.2320445493776509,0.6484802810326397
2021-02-05,0.07373012854886055,0.13140251657911603,0.27097920954236665,0.6407239174201304
2021-02-08,0.11015920448936461,0.10903902627339258,0.29593780218547017,0.6403810611589558
2021-02-09,0.11278444194728562,0.16768961415228079,0.2786175222621545,0.6445270970550638
2021-02-10,0.10447103548000693,0.15930595732612254,0.2809837133122127,0.6414800119180561
2021-02-12,0.11057456491838454,0.12914906391400907,0.2666005645907955,0.6419497359064299
2021-02-15,0.10479428592462643,0.12855247393099145,0.22219379874513773,0.6149672413653648
2021-02-16,0.09813597944452072,0.12162193896879632,0.22023925386018928,0.6148597515099612
2021-02-17,0.04229384716571527,0.10381200745212663,0.2004580759575555,0.6114387152560202
2021-02-18,0.029513469160897556,0.10618193604093784,0.18434571590031087,0.609330102914796
2021-02-19,0.04084030159914656,0.12782986407924882,0.19531131162232906,0.600865994128946
2021-02-22,0.0037454994951504617,0.12196506753381096,0.18917294184432012,0.5408061048223282
2021-02-24,0.023427241808127608,0.19460873671179538,0.1780127356463874,0.5633534345242498
2021-02-25,0.03316168604983591,0.23116407265951147,0.22824054784294648,0.5581533809286071
2021-02-26,0.13146464808134237,0.3826883490624714,0.3496561182176269,0.6083366894133015
2021-03-01,0.10978033025958833,0.40925333938617287,0.2627263564540948,0.6161614416530314
2021-03-02,0.11382032826545442,0.3736233132779447,0.2399281808637365,0.6098489289059362
2021-03-03,0.11168581149609447,0.3593128842263599,0.2371530581788161,0.6038440793960472
2021-03-04,0.1379588910899141,0.3913825570035982,0.24847940654075001,0.6193639180492281
2021-03-05,0.14030124923071627,0.3850141351166591,0.2527397544349259,0.6220687495459796
2021-03-08,0.13912027477071606,0.38983061534509206,0.24049154825946836,0.6345378740365697
2021-03-09,0.11385597575820786,0.3429072845197652,0.24670848572335777,0.6340169300915098
2021-03-10,0.10607645287294867,0.32250773942349226,0.24381887572825905,0.6441012262060564
2021-03-11,0.1040511546774295,0.3133345110676148,0.24666515107473463,0.6410240760012037
2021-03-12,0.1118258571326351,0.3364059427838183,0.25181367154903056,0.6535057173560548
2021-03-15,0.11152131904388708,0.3373781029493654,0.2499377746932538,0.650522356703663
2021-03-16,0.11221939887158643,0.34175988418141123,0.24886367729355424,0.6503856334285304
2021-03-17,0.11160187123128774,0.3400691503581745,0.25144756543384933,0.6513140701185569
2021-03-18,0.10893693394996268,0.3429695210619346,0.255918589515818,0.6601300819056141
2021-03-19,0.0896336905998145,0.3678248259678008,0.2694301507760795,0.6722664404690035
2021-03-22,0.12941364513677558,0.34433357298498773,0.28802234944433047,0.6740367166827853
2021-03-23,0.14142094984498968,0.33155581916746746,0.2868543433099756,0.6630203467107378
2021-03-24,0.1615375469491455,0.35222536783309527,0.3165977002574181,0.5723138840954485
2021-03-25,0.12959610567699187,0.34440321358285175,0.3116770314574131,0.5586953246412641
2021-03-26,0.14471752750431213,0.3426120110066687,0.31846464994125123,0.5609391944303362
2021-03-29,0.15259486781210094,0.3468927791713277,0.32461241110063177,0.5600018160353457
2021-03-30,0.1421750756116077,0.3614386482195897,0.31608484081117755,0.5404519941718416
2021-03-31,0.1637017930714418,0.3615109253996265,0.31844545690992687,0.5354046826961766
2021-04-01,0.15108137982040035,0.3756243417281173,0.3259032261325493,0.5318445951115015
2021-04-02,0.1557365438303044,0.3892199192801766,0.3270105316378324,0.5499112297401971
2021-04-05,0.1517761313070026,0.3939832905098688,0.32939661810450144,0.546506924586955
2021-04-06,0.11854398886687911,0.3841831542685881,0.28052290439930583,0.5505126501528077
2021-04-07,0.08387845161901117,0.359629219662395,0.2686031214429316,0.5317030763689518
2021-04-08,0.0862363947496532,0.36006583176693846,0.26891442621830414,0.5302988289002332
2021-04-09,0.08646072932357086,0.3599721426549976,0.2692816890395428,0.5241806438921862
2021-04-12,0.07843752309813887,0.3614156637965036,0.25942213777743356,0.538720239929762
2021-04-13,0.07833648383037839,0.36515407655590576,0.2523612881877934,0.5626212289427875
2021-04-14,0.06582743542521204,0.3579061904654216,0.24537132682087762,0.5544950466467838
2021-04-15,0.06739240934772273,0.3614358408446787,0.25099058615792297,0.544271329049258
2021-04-16,0.06954737329383738,0.3730325522089337,0.25229531692749196,0.5472602327985652
2021-04-19,0.07402104374208938,0.3756903500938074,0.24550468290342603,0.5509712099325658
2021-04-20,0.07780320346702321,0.3958295044715107,0.2547815129742799,0.5612612868828056
2021-04-21,0.12679573835229385,0.4107317959762613,0.2853316581961503,0.575817995947191
2021-04-22,0.07456541766774737,0.42844769035956415,0.30067976845906014,0.6059865453168387
2021-04-23,0.05998631058510631,0.43538042690121737,0.30725428608564925,0.6116490995104688
2021-04-26,0.06342370984721919,0.41472672692909984,0.27500603101547755,0.5983911637521242
2021-04-27,0.02843596674458247,0.43836471238744573,0.31133381694222567,0.5761118527404232
2021-04-28,0.06214641298140601,0.4578174468461313,0.3952175503183713,0.5761724712589964
2021-04-30,0.04532483907186092,0.45160730135026633,0.387747711066257,0.5767398579498489
2021-05-06,0.04233318433531697,0.3805713271087526,0.3795835312016651,0.5831357390286387
2021-05-07,0.05577471060954209,0.3728948466672223,0.37806092494073956,0.5723497808482213
2021-05-10,0.07724767755949802,0.3737705142478862,0.3654917911117581,0.5669647965663821
2021-05-11,0.01974989414008309,0.4347637593687331,0.36660823177297885,0.6003986874188343
2021-05-12,0.06347246027951689,0.42510922486955793,0.38828521579586067,0.6109708774823903
2021-05-13,0.10045487154275072,0.452434303190646,0.43658371739065327,0.6386768961928301
2021-05-14,0.03562133680937434,0.46513993973279477,0.4597690104123869,0.6697271640345892
2021-05-17,0.003090777979852127,0.4438133614281079,0.45225771080843735,0.6713771316915952
2021-05-18,-0.03564257596795354,0.42920791365274436,0.4389641287527234,0.6675771954171317
2021-05-19,-0.03954564364038815,0.4322637890408612,0.4484117529929566,0.6677522228833073
2021-05-20,-0.04126678924580756,0.433949937181537,0.44371910620214955,0.6673755261374097
2021-05-21,-0.034541876578003436,0.4381829165256547,0.4443169839352076,0.6760586870445489
2021-05-24,-0.03491079227818341,0.43491426402603356,0.4465741308717539,0.6935446590649237
2021-05-25,-0.04039606119124121,0.4224484901259766,0.4536892759466954,0.6884364788591374
2021-05-26,-0.04710119917078589,0.4077332131688437,0.43325849306556335,0.6868824931565768
2021-05-27,-0.11481013172090823,0.3335382045194178,0.36147023984655835,0.6545959202719508
2021-05-28,-0.0666798360816132,0.3153429959465706,0.4601290633971096,0.659202527813374
2021-05-31,-0.05508565644013201,0.329353403398798,0.5091164511830917,0.6507034411726057
2021-06-01,-0.04799791206596097,0.34421361451962945,0.5195520190454689,0.6587733538638567
2021-06-02,-0.07412644203683866,0.3167167464116191,0.5119570822765181,0.6436904791703889
2021-06-03,-0.07609161872577362,0.32295023824569846,0.5191372628308237,0.6487546299739785
2021-06-04,-0.07356223645142905,0.33797909580945873,0.5623326525794552,0.6481155374699162
2021-06-07,-0.05907079263115822,0.3953790327371992,0.5560024268027851,0.6556646412668304
2021-06-08,-0.0603299755373309,0.41901864676178413,0.5552532557203542,0.6567461965344639
2021-06-09,-0.05545073704108044,0.43240516272460355,0.5588223541939692,0.6569424159903267
2021-06-10,-0.07248946741656785,0.4034567229580839,0.5447252618304043,0.6420269094171456
2021-06-11,-0.0766430914294598,0.4056115181409775,0.548377257415698,0.6482533158416528
2021-06-14,-0.08000282528954655,0.40184471730877436,0.5432197871119194,0.6491849068388207
2021-06-15,-0.06972138051256638,0.40826714598695246,0.534030887781325,0.6524734767140438
2021-06-16,-0.07564141225771065,0.40552162509434087,0.5300802627340063,0.6480957010554191
2021-06-17,-0.05349434090827184,0.3855826593876738,0.529431692917554,0.6340323576716906
2021-06-18,-0.08988087727674565,0.41251392974739326,0.510439103523629,0.6288283293612575
2021-06-21,-0.09510765092526709,0.4543734070951837,0.5705328391722413,0.6668201013217936
2021-06-22,-0.21413488813154655,0.4195756260482121,0.5977099808749402,0.7608020472748859
2021-06-23,-0.18601770876915405,0.43621028423174835,0.603446571457688,0.7813576168743271
2021-06-24,-0.2092066883900505,0.44122219992468825,0.5969913945697068,0.7805358292480613
2021-06-25,-0.22463445874033836,0.4455849059101782,0.6003289630687779,0.7825477497428852
2021-06-28,-0.22671107071288057,0.45174721055978384,0.5952349734269604,0.7857150745119005
2021-06-29,-0.22491624600023893,0.4283706827820198,0.5959359010246467,0.7903628323554485
2021-06-30,-0.2181339622668229,0.42160030875942955,0.6038499926967162,0.8042349813181585
2021-07-01,-0.23633523809818077,0.3963218057015168,0.5939131906299217,0.7975600024670189
2021-07-02,-0.23848641602529638,0.3911054662102374,0.5984873053111307,0.7856526418416611
2021-07-05,-0.2142544547383367,0.4154416101007897,0.6371398737498181,0.779304966640929
2021-07-06,-0.21340651688805065,0.4189232199865038,0.6395655721360731,0.7801146143206209
2021-07-07,-0.20766129822225535,0.4187698066122667,0.6438082789362854,0.781337529171633
2021-07-08,-0.19737437904418453,0.42311154604971746,0.6363767131593541,0.7832998925868971
2021-07-09,-0.19092815493425683,0.4261359467745781,0.6588398718706184,0.7798243488554251
2021-07-12,-0.19917925503642003,0.45127432971245,0.6845010736155869,0.7841648387699055
2021-07-13,-0.17471167954122688,0.45396210707944706,0.6849918625937736,0.7851346595842147
2021-07-14,-0.17608767965145034,0.4580498006346123,0.6852726269416064,0.7923858604329201
2021-07-15,-0.17117317740419297,0.45932799835391347,0.6844580055384949,0.7884403895999998
2021-07-16,-0.15867281585711548,0.46727916469595143,0.6808923159834133,0.7963153832485353
2021-07-19,-0.1459088531142434,0.45753271131421974,0.687427362728987,0.7947470379543337
2021-07-20,-0.18234588917926658,0.44318691848826947,0.6624106576907628,0.783858629757321
2021-07-21,-0.14036266514587825,0.4166403040378931,0.644806340634636,0.766836508319364
2021-07-26,-0.11967234296116108,0.4276820426583726,0.6509386932107131,0.7690276309453403
2021-07-27,-0.10828895014759478,0.42420112881820277,0.6505401312057393,0.768838509656991
2021-07-28,-0.11405850829788923,0.44550189685893915,0.64953052913611,0.7757257523733367
2021-07-29,-0.1240223456997976,0.4543916728095814,0.639870192523058,0.775444297850119
2021-07-30,-0.13570933210634817,0.4144226748996698,0.6197917063289021,0.7731105044964867
2021-08-02,-0.18312767340960667,0.5477851035291315,0.5878123548076032,0.7874676277573505
2021-08-03,-0.18998749327742767,0.5449898520731423,0.5926396304386188,0.7949486263586611
2021-08-04,-0.19134939345813684,0.5411553817678165,0.5832623715906184,0.795091122560505
2021-08-05,-0.1785553958872059,0.47446259701749977,0.591531184756322,0.77346516937969
2021-08-06,-0.2520759121810786,0.4799863516141409,0.5745123815662893,0.7632062235655878
2021-08-10,-0.32194649728913316,0.40764336198586965,0.5269260860227404,0.7355105467360804
2021-08-11,-0.2600303272282365,0.3751107719475825,0.4998562555497821,0.6743024185834479
2021-08-12,-0.23605444923470845,0.42654424735563046,0.5286980575372369,0.6730959138975026
2021-08-13,-0.18394243507620803,0.4734088037064126,0.5592492716452121,0.6651824259715937
2021-08-16,-0.1460243118565155,0.44387769368268104,0.5360801930429759,0.630849868075453
2021-08-17,-0.1381522794773985,0.44743335704512255,0.5397177835938901,0.6366915484422251
2021-08-18,-0.1627388548999557,0.40611100967763486,0.5125534949835595,0.6253365401887553
2021-08-19,-0.162270493600086,0.42164629303695833,0.5245540006940809,0.6362395157436482
2021-08-20,-0.1594023496841843,0.3987458551061618,0.5209771344632679,0.6230501878890142
2021-08-23,-0.15034771528226998,0.40040407755781354,0.53368007418514,0.6427707669181542
2021-08-24,-0.12448869286240265,0.41450707083561594,0.539500536839876,0.6506567136849457
2021-08-25,-0.16263111533030175,0.41697238192971126,0.5423572453543704,0.6306268092701599
2021-08-26,-0.15327633129562632,0.43084547803505446,0.5497999545468102,0.6383962932367956
2021-08-27,-0.15033608456214947,0.43103076671659496,0.5503392940961547,0.6330062877222301
2021-08-30,-0.1337615605857038,0.44177625273035925,0.5542449948941408,0.6414190844836749
2021-08-31,-0.14668696915066987,0.437447618711404,0.5431950913803256,0.647588823149701
2021-09-01,-0.10829043490255312,0.4122745477018766,0.5305130040583371,0.6456215855546419
2021-09-02,-0.09836032357613597,0.41068609907260295,0.5274650149687113,0.6461237671231996
2021-09-03,-0.0853205833034347,0.40322963199050776,0.5250950391352454,0.6575732209585256
2021-09-06,0.006751489148307674,0.40165541833593194,0.5021867023155773,0.6819498430886903
2021-09-07,0.008726797458686727,0.40119039703853454,0.504431271277092,0.6851696136573743
2021-09-08,0.02303730587870587,0.3979745845913928,0.4823895673698695,0.6895351595476993
2021-09-09,0.026580694037335293,0.40222405481540413,0.4851187978058499,0.6840016594637711
2021-09-10,0.026090878605717127,0.3938200411866073,0.4755775892269941,0.678428417506708
2021-09-13,0.034922683139118824,0.3899989731439369,0.4659695404676613,0.6748708735848391
2021-09-14,0.028517253279391988,0.3873939169060188,0.46147334668951123,0.6821256685134401
2021-09-15,0.01889916214146891,0.39206944537459376,0.46552365590677436,0.6712972563288928
2021-09-16,0.01347233797692497,0.31090582282271634,0.37922168494177116,0.6216706830863846
2021-09-17,0.1971168852166329,0.3160645142487279,0.29004967923105346,0.6351182842899654
2021-09-21,0.1877192490264891,0.4010631208049212,0.3775415163781646,0.6568795307594542
2021-09-22,0.20730798092039895,0.3982788290435895,0.3782873585132563,0.6575437987304105
2021-09-24,0.17562058182103457,0.4401367511312615,0.4321745459213156,0.6509573280353097
2021-09-27,0.16827783743052463,0.4400255317416211,0.43658270856106807,0.6554164881310757
2021-09-28,0.1681564340116208,0.48460504590061515,0.43038602396472647,0.6562393673160006
2021-09-29,0.1698434613896181,0.5371960198571776,0.4726738729244223,0.686079786964445
2021-09-30,0.17480648325771028,0.5377501626885004,0.47681157226362997,0.6802484682161015
2021-10-01,0.18130116465650012,0.5288137166810073,0.5127830490606907,0.6951016970216949
2021-10-04,0.21369248897616558,0.529639500735483,0.4734866097336292,0.7019287259433048
2021-10-05,0.2383504700073437,0.5564996136798516,0.48895157355473706,0.7101621851976747
2021-10-06,0.24998747979168567,0.5324851642936171,0.4594365580757739,0.7161932741791951
2021-10-07,0.22397638488362112,0.5277514460290837,0.46840905455990156,0.7145613305969821
2021-10-08,0.22619799275481003,0.5308796636608458,0.4765095263690945,0.7261510493733617
2021-10-11,0.2779703137060389,0.488582456155032,0.44147479125846745,0.6928939809454193
2021-10-12,0.24499734456113825,0.48898972085641856,0.44599143787648377,0.6978559997170535
2021-10-13,0.25052092233566114,0.48831365540914223,0.44587022597182696,0.697183218712206
2021-10-14,0.23797248882976133,0.4897181169274977,0.44737276742368776,0.7082280916119365
2021-10-15,0.25215626269045455,0.5064414424389676,0.47892528792441025,0.7146602947777021
2021-10-18,0.22880350776216737,0.48846474566754255,0.4583734983641835,0.7060155671050086
2021-10-19,0.21252932641574826,0.4937605768972034,0.44344950254342536,0.7084760409706784
2021-10-20,0.22113301947362884,0.48890694373381305,0.4427670915343687,0.70768205397519
2021-10-21,0.21003706597165064,0.4730503344943712,0.404972440444182,0.7235769923691959
2021-10-22,0.1932712455021016,0.47504028243947555,0.4035243248342024,0.7095741281689576
2021-10-25,0.20066590637489343,0.46415774283026284,0.39765275143310497,0.7038065491369608
2021-10-26,0.19533966532871297,0.46095361575820337,0.4017507255326945,0.707634503593745
2021-10-27,0.2107283643274534,0.5186021158966284,0.4271817823683564,0.7077745134071377
2021-10-28,0.2649170211764333,0.5223221028556634,0.4613681515688585,0.6730654804925598
2021-10-29,0.2801488227623816,0.5200885139115818,0.4591638565270985,0.6734772113225967
2021-11-01,0.2737155436025306,0.5107010909491554,0.4584131157793499,0.6937430809184457
2021-11-02,0.24692255775528774,0.4936115600778559,0.469056358858367,0.6926538595719748
2021-11-04,0.2392103901907789,0.5012230607380376,0.4747158172842406,0.696432245278351
2021-11-05,0.22957128159975107,0.45539618169375573,0.47488260214413763,0.6939695873982447
2021-11-08,0.23208345045854667,0.46128862051458636,0.4659021054050524,0.7116578774441811
2021-11-09,0.23791419279824724,0.44797240662685667,0.46514657770490825,0.7130520178532697
2021-11-10,0.24275132175773115,0.4491893269154828,0.4676021817184066,0.7181118621539264
2021-11-11,0.23168609015622318,0.43339573061127823,0.46621291053518066,0.738992965435917
2021-11-12,0.23236675872341453,0.44132279067471275,0.456773487542656,0.7406560457652671
2021-11-15,0.24321861829334465,0.46184000458834745,0.47078129328804375,0.746807094643051
2021-11-16,0.24136013021574051,0.449896079049882,0.4567648363087383,0.7405697812322671
2021-11-17,0.2312121697434674,0.4480977390147824,0.4535108705378863,0.722575779729418
2021-11-18,0.24170541223263628,0.4526242630704341,0.44690396885058487,0.7181101565460004
2021-11-19,0.23359375922642278,0.44743057758180627,0.4399399173492048,0.7111949806527262
2021-11-22,0.23490853013535173,0.4472833435321862,0.43676245177756656,0.7116791211328967
2021-11-24,0.22378662110795652,0.4692285985298827,0.4072372765924613,0.7221263011737298
2021-11-25,0.21084025256151798,0.47082747375691103,0.4031132479542532,0.7231759083143289
2021-11-26,0.20216387926802493,0.4540690763946377,0.3840798130520482,0.7307997595065049
2021-11-29,0.26917135557932625,0.480583660706205,0.4241885773929077,0.7262200490736402
2021-11-30,0.2401340796083813,0.4127394246366062,0.402138003173909,0.7353113631948378
2021-12-01,0.21929772955716353,0.40058283845628406,0.37351861056770197,0.733219916063058
2021-12-02,0.22214634978255457,0.41101105209288546,0.37439317956712626,0.7347490233401717
2021-12-03,0.18180782865784623,0.40904733538083743,0.40357429106708315,0.7185029888639636
2021-12-06,0.18243397112450688,0.41349689018809754,0.40573328163882943,0.7157828145863142
2021-12-07,0.19146435447740343,0.4054031299744825,0.45519159596347214,0.7121214556736133
2021-12-08,0.2259694016650656,0.42916240291485264,0.47098378801095414,0.7198727842646007
2021-12-09,0.21786461229006288,0.4339129655632343,0.48548491765632396,0.7150837827560594
2021-12-10,0.2223039934624195,0.4418144807685301,0.4911501875725042,0.7175585622163331
2021-12-13,0.2120179574127771,0.44148519661731656,0.49003601889239823,0.7211402017936082
2021-12-14,0.20976131361067107,0.4448564059871756,0.49228485800385213,0.7290834525253328
2021-12-15,0.20616367534359048,0.44514272006820044,0.4981465652348232,0.7328010067449479
2021-12-16,0.20943876273759066,0.47789273110308156,0.5161913361690011,0.7412790514176566
2021-12-17,0.1816437580548114,0.4710178746527408,0.4763221759827213,0.74282379535356
2021-12-20,0.20331226443319772,0.4655936131484901,0.5008377969115437,0.751974488775002
2021-12-21,0.16678708254444422,0.41020588306308625,0.4001656756707054,0.7741936269025907
2021-12-22,0.17081483542145262,0.4062140809273924,0.39576199866570644,0.7746136918951361
2021-12-23,0.1724480466770046,0.4084261936063231,0.40188441766278327,0.7769798385628959
2021-12-24,0.17408641305149894,0.36910379187926806,0.36744245103927897,0.7631048216220008
2021-12-27,0.1715550559135074,0.36915345536419225,0.3686688587663006,0.7636127984980395
2021-12-28,0.1632339566308391,0.3880433430817987,0.3399426953954462,0.763210350637775
2021-12-29,0.12809831092567991,0.3928994310369504,0.37296994459905375,0.7631615187897893
2021-12-30,0.10604181521865443,0.36037454367787636,0.3464948858043017,0.7543303092404836
2022-01-04,0.07718263651634459,0.3728113394199781,0.36631908741360014,0.7569250054289669
2022-01-05,0.08658814562920841,0.37260539004416315,0.3644889806329125,0.7493635158663176
2022-01-06,0.07629251120383256,0.4200570140480592,0.3856400133379903,0.7645592758504326
2022-01-07,0.05735428308713041,0.4417911201779748,0.39313285298066203,0.7993965745324587
2022-01-11,0.07457367572241239,0.44651027701919016,0.39040011893332516,0.7949134683021205
2022-01-12,0.05136266996983904,0.45534611483202786,0.39346922032880915,0.8057092843800434
2022-01-13,0.03622868258406601,0.45430995944703256,0.39793906022705133,0.800094504094829
2022-01-14,0.021570606949070145,0.44656414372822667,0.37694945390340845,0.7920121100706933
2022-01-17,0.01161471933960913,0.45322053459018274,0.37258712010273576,0.7897419419701557
2022-01-18,0.012024605133806932,0.45253925739241807,0.3753915877111993,0.7884703000198747
2022-01-19,-0.005910444851573503,0.5018312214544538,0.41762969814990697,0.808554341278206
2022-01-20,-0.03503567253477046,0.46470210361698183,0.41308589831153547,0.7888419064715344
2022-01-21,-0.03818817176511909,0.46982359013424563,0.41985252188947425,0.771279326207737
2022-01-24,-0.038081534046705286,0.4601537211389665,0.410001739832435,0.7697641057916507
2022-01-25,-0.031655852722015876,0.4402678219972436,0.3955161725830768,0.7728078700528085
2022-01-26,-0.02831007715189284,0.43598455882575593,0.3957742347262895,0.7730760727099729
2022-01-27,-0.016592938570346036,0.3790491457827796,0.3855805496061395,0.808758943569703
2022-01-28,-0.07446836085711132,0.28956102213344087,0.3759781865630522,0.7696699290890718
2022-01-31,-0.060492509676432056,0.3031241849032589,0.3936270703788842,0.7586229048089312
2022-02-01,-0.04972187521847845,0.3061511388528458,0.3967248740765351,0.7598648747417694
2022-02-02,-0.03928425264098398,0.2991522727883369,0.4021299000890603,0.7603970511280976
2022-02-03,-0.0498852462584894,0.2974525581571588,0.3896460016344773,0.7659343941322786
2022-02-04,-0.05794823720439408,0.26695262192302016,0.36627700651368017,0.7714944788826799
2022-02-07,-0.06363477601015304,0.2701109826947508,0.3699790578929714,0.773392041074612
2022-02-08,-0.06791809027666187,0.2707988494914535,0.36900195516739404,0.7738956979461313
2022-02-09,-0.06171722558771759,0.2971161003672944,0.3885852681275385,0.773831595963477
2022-02-10,-0.06415958015930145,0.2918845934264055,0.4026259491841472,0.7710842756599651
2022-02-14,-0.029339475924675965,0.3436778526015631,0.4405635916337641,0.7635564897139079
2022-02-15,-0.033233310835519336,0.3417793979984368,0.44253357552519423,0.7642656404980308
2022-02-16,0.0009888351851481947,0.38489185845079293,0.463199776318826,0.7954025207290167
2022-02-17,-0.0012371446516510327,0.3832197917776506,0.4630713209138069,0.7910640643784569
2022-02-18,0.0015176564118111182,0.3781899526295528,0.4590095458382956,0.7929120780495257
2022-02-21,0.0008786610816273627,0.3793413960092773,0.46529952372999134,0.7911296515568345
2022-02-22,0.005598407841934191,0.3666531902461387,0.4761659406551727,0.7947705281778961
2022-02-24,0.0351595974957662,0.37778085544994816,0.4960750862479473,0.7713258372450721
2022-02-25,0.037823935976464405,0.41303032538594453,0.5116052186225373,0.7799223836814049
2022-02-28,-0.011517828917283908,0.4026276702787387,0.48133953972815313,0.7819473717574296
2022-03-01,-0.014670308974236032,0.4399266077311997,0.4909753246504591,0.7868860365371392
2022-03-02,0.00602842591905089,0.4602932734905186,0.5285937814119064,0.7891938040591921
2022-03-03,0.00846304900076733,0.4647998157561632,0.5296481220863968,0.7888226554267651
2022-03-04,0.011408677657624046,0.47415764320033654,0.5175521526758973,0.8029409468528881
2022-03-07,0.053827093269485086,0.48247552210600303,0.5142343378641494,0.8181127921237838
2022-03-08,0.07055715903912982,0.5035999381110602,0.5071671496608092,0.8104464959549076
2022-03-09,0.03462202110099394,0.4837817090445768,0.49299356645181086,0.8058332780882198
2022-03-10,0.11500843936596679,0.5125772714422405,0.5354510703007624,0.8164102714913138
2022-03-11,0.1117389583630893,0.5150273561893435,0.5347007891480758,0.8186336896921435
2022-03-14,0.11242819999536979,0.5047262912759646,0.5247803729825291,0.8184085989407014
2022-03-15,0.11857543434172466,0.4952188485314117,0.5235397924299734,0.8180770226509436
2022-03-16,0.13979831111438132,0.5107834105177632,0.5391938788466406,0.8228290878901277
2022-03-17,0.2040707702206479,0.5268434505759636,0.5504125808358283,0.8284484070719975
2022-03-18,0.24398454216754495,0.5162238622914918,0.558105927688493,0.8252764221146253
2022-03-22,0.2431917416190318,0.5291356482186949,0.5443674792509045,0.82372828294859
2022-03-23,0.3068686978955329,0.5343264988878328,0.5844666485280754,0.823420296388478
2022-03-24,0.3087645522231811,0.5330373588247168,0.5821493059571758,0.8213153894220608
2022-03-25,0.3036183326307754,0.5207506430749551,0.576883240818202,0.820559604107973
2022-03-28,0.30498608712958114,0.5207706351259883,0.5732164596696107,0.8225725812834737
2022-03-29,0.302175822557847,0.5218571437997211,0.5741476565313994,0.8281502050133616
2022-03-30,0.29685371690429635,0.5045199335344908,0.555986456837838,0.8251515730708228
2022-03-31,0.3082714558185872,0.5057938002227683,0.5582506497466255,0.8150883336994783
2022-04-01,0.3095129352718453,0.5077800563498968,0.5581338089478998,0.8144774919707088
2022-04-04,0.3183612184229769,0.504451920306108,0.5595098980970936,0.800365770234423
2022-04-05,0.32046072752953497,0.5046305073833769,0.5602971262135326,0.8027339272394349
2022-04-06,0.345302502005642,0.5033064254046606,0.5569635662897888,0.8004205807015302
2022-04-07,0.36788178016951134,0.5089212884352817,0.5572930451660464,0.8020940000199759
2022-04-08,0.3684791931094729,0.5059582277696955,0.5567350707597682,0.8026924146314293
2022-04-11,0.38713114918591085,0.5011065174114433,0.5510634654552887,0.7964273724004935
2022-04-12,0.4125928910076078,0.5101894455461784,0.5622963786406777,0.8022987347046647
2022-04-13,0.3768949059763378,0.49979292944477627,0.5497264184562555,0.8123272457925509
2022-04-14,0.4001397132669741,0.502681156675327,0.5614737636919064,0.8143375616805211
2022-04-15,0.4001806921155305,0.5020216518829155,0.5619008137024161,0.7989801569207788
2022-04-18,0.4215123956209995,0.47775663718107886,0.5428614612134439,0.7789910627888093
2022-04-19,0.4580953283457864,0.4989239490605455,0.5575959287412452,0.784816549607703
2022-04-20,0.4741214565777094,0.49855882159263804,0.5578390170103573,0.7920159227024978
2022-04-21,0.47235859225337545,0.4976156681945433,0.571251504990978,0.7951137391577217
2022-04-22,0.4756400238565986,0.5206037868457224,0.5889555327137114,0.7936488581495359
2022-04-25,0.48675093342645925,0.5273562888469813,0.6023752715292573,0.784736407134299
2022-04-26,0.49551729831318403,0.5727527494609301,0.6153650844519994,0.7703447949239538
2022-04-27,0.582196647883923,0.6396584241042835,0.628864106150707,0.799622408394513
2022-04-28,0.5842690587333794,0.6269012787077451,0.6209266196167054,0.7963230014479445
2022-05-02,0.579538284617409,0.6391481236401324,0.6211636642213495,0.7952928730457212
2022-05-06,0.5815815464599424,0.6410072013719307,0.6164915363029033,0.7936516987766782
2022-05-09,0.5772682243251025,0.6485740517138335,0.6171819839567396,0.7907465309443636
2022-05-10,0.573831119728815,0.6697045402723074,0.6307303939637713,0.7900497775163219
2022-05-11,0.5802323766244898,0.6707901646267441,0.6317075590606865,0.7846884933331049
2022-05-12,0.5860656011257499,0.6765613886489726,0.6356259280630221,0.7856484504211998
2022-05-13,0.57277789397578,0.6636825002748235,0.6106438897521042,0.7974739560959928
2022-05-16,0.5606029975831037,0.6575885472267589,0.6081066202926426,0.7967846172472288
2022-05-17,0.5407313788180286,0.6389054685161897,0.589492019742704,0.802413351728506
2022-05-18,0.5489403630706907,0.6408147629408655,0.5920714705131125,0.8031490596152122
2022-05-19,0.551487922964868,0.6363793618381478,0.5929425357758807,0.8004875749766726
2022-05-20,0.5530511279391194,0.6335590494985875,0.5828840800975095,0.8043693754284359
2022-05-23,0.5601719554540813,0.6347327592684527,0.5854210874351701,0.805584392272732
2022-05-24,0.5459426550775748,0.6283980870422003,0.5511821151569528,0.8067392926815565
2022-05-25,0.5503686324163884,0.6362935463035094,0.5581445973262575,0.8008413729919615
2022-05-26,0.5368712754474716,0.6219281001354767,0.5379658395368665,0.8164164541890538
2022-05-27,0.5502827200042022,0.6090497824510133,0.5409965272671885,0.8104327634683273
2022-05-30,0.5612319693433034,0.6239291099535513,0.5730573441392411,0.8082807524310909
2022-05-31,0.5781599205308179,0.629065717906495,0.5811209626938686,0.8066129989344347
2022-06-01,0.5745029601505981,0.6175082091146366,0.5630348934157292,0.798278160053212
2022-06-02,0.5695519971997941,0.6172032828018991,0.5639162981965163,0.7980334873397574
2022-06-03,0.5679823886019241,0.6185645115437286,0.5772161032788057,0.79136822672134
2022-06-06,0.5443836730527962,0.6044342349826013,0.5779648581807806,0.7738425996535415
2022-06-07,0.5167533887386205,0.588097190582632,0.5591969786538548,0.7746702376990404
2022-06-08,0.5163427338849311,0.5968443251733891,0.5609153045403806,0.765449236534929
2022-06-09,0.4868451631710092,0.5743496089052228,0.5277380718074204,0.7426296645474734
2022-06-10,0.493493905077349,0.5780926221781038,0.5509992483288276,0.7433559608912484
2022-06-13,0.5338846611676982,0.6008321021431744,0.5965484761032004,0.7662884505430525
2022-06-14,0.5454727997576313,0.6171514682868258,0.605936261761727,0.7691730044019057
2022-06-15,0.5313156802673569,0.5958558983467552,0.5940511502657416,0.7642065710127999
2022-06-16,0.492093911185842,0.5625415211072884,0.575855913967463,0.7408458303464067
2022-06-17,0.511833358933772,0.5799370433091049,0.5901297773248867,0.7491467866325722
2022-06-20,0.4830936256077889,0.5689841285076387,0.5884956352769264,0.7349004514614224
2022-06-21,0.4582634244421071,0.5746073737602636,0.5816730702371693,0.7272106403031202
2022-06-22,0.44737657493090305,0.571028422978265,0.5660517217725086,0.7220803459219902
2022-06-23,0.45045174747405564,0.5824977662373089,0.5672388496429795,0.722188595454407
2022-06-24,0.4493644972595207,0.5780705926688983,0.578853853788324,0.7275364584678006
2022-06-27,0.47299577681051835,0.5906114212919212,0.5922326246623734,0.7338935931404075
2022-06-28,0.48415305287101695,0.6060026230960457,0.6047671914190731,0.7351221684106554
2022-06-29,0.47755634760084753,0.6070678240798714,0.6105212916424375,0.7530912422182989
2022-06-30,0.4732214266699619,0.6093050045143938,0.5949976923534744,0.7593772337076116
2022-07-01,0.48020112237743434,0.6093149259812559,0.5951568315604545,0.7746209981179578
2022-07-04,0.4743309785771651,0.5834291459251316,0.5992572677978074,0.7712404224862247
2022-07-05,0.4603363714331322,0.5699813910171689,0.5961676601787933,0.7651600745566094
2022-07-06,0.4451588507060741,0.5527747752820587,0.5993573528678574,0.7568694678248488
2022-07-07,0.442602539513149,0.5531769810627206,0.5973002817955181,0.7606022421478024
2022-07-08,0.43972149031480523,0.5394940033914026,0.5994452039821019,0.7580774722292634
2022-07-11,0.4293114481768672,0.5348523290346704,0.5900924369599262,0.7453788220662793
2022-07-12,0.47271657511187865,0.5524922070084121,0.6000732637581301,0.7406108141885078
2022-07-13,0.4545949855767268,0.5453229318421439,0.5896154439371537,0.737493861084725
2022-07-14,0.45477410691625875,0.5480792217868558,0.584083608410626,0.7517243126283313
2022-07-15,0.46023003998780715,0.5551008463288201,0.5872417209297726,0.7567437950700001
2022-07-19,0.46587378102399063,0.5548671528238429,0.5902302327619378,0.7554324792737803
2022-07-20,0.4802839824946478,0.5765129383069145,0.6129705247432801,0.7803542282808146
2022-07-21,0.4886844803820923,0.5822187358707981,0.6098489304552926,0.7748239892927827
2022-07-22,0.4966312696424435,0.5750107026519273,0.6068622596439259,0.7732616887953763
2022-07-25,0.4851367432224046,0.5730798197761974,0.5857024257032084,0.7887285725188466
2022-07-26,0.48389047650990186,0.5726879456728139,0.583540412759583,0.7884944979170516
2022-07-27,0.46398807848412177,0.5596103289635574,0.5711744967379723,0.7787997141255728
2022-07-28,0.45062626849120146,0.5652703120049409,0.5738846159835103,0.7795364622774419
2022-07-29,0.45609935418292097,0.5650637391858458,0.5701409691972815,0.7795405888700703
2022-08-01,0.45838486002949635,0.563154343622463,0.573530656917034,0.7796865276086044
2022-08-02,0.4923475520871187,0.5657415894378609,0.5836395483973694,0.7900841287685454
2022-08-03,0.49423534797985813,0.5656621817634719,0.5706021248613956,0.7897945917798304
2022-08-04,0.49669332756301987,0.5710348418785792,0.5734946547207036,0.7957249198762988
2022-08-05,0.4783226316098751,0.558112351626606,0.5617550808179937,0.8004226868371609
2022-08-08,0.502866164125715,0.5740176820399994,0.5969896979023029,0.7801262877702863
2022-08-09,0.5177887948278044,0.5854270181535962,0.5933173176504621,0.7540835132294735
2022-08-10,0.5280305858373391,0.5931072306862428,0.5931413022937777,0.7568003955027945
2022-08-12,0.5279976038330245,0.6092833064365336,0.6043651654520155,0.7697838391248844
2022-08-15,0.5114108712460094,0.591286240790391,0.5810887819399045,0.7640920355134521
2022-08-16,0.5123273980948654,0.601108048686208,0.6006297091198384,0.762661034997526
2022-08-17,0.5037003050873773,0.5928548427742704,0.6067455326325526,0.7571593447543493
2022-08-18,0.5252589708385665,0.607338084154489,0.6528933656095339,0.7569605451806334
2022-08-19,0.5256480404785832,0.6011146347646062,0.6538004443909502,0.7564379880520011
2022-08-22,0.5311871101603035,0.6112444606653836,0.660409029913868,0.7576696982940478
2022-08-23,0.537092283447915,0.6223669947339887,0.6703553233993218,0.7540595544891908
2022-08-24,0.5377563586433923,0.5983361195623137,0.6560493325369888,0.7612251605785381
2022-08-25,0.5363746891311382,0.5988178469050369,0.6567917963224285,0.7618031806266099
2022-08-26,0.5391419295982907,0.6011442272373149,0.666790807757764,0.765957139182634
2022-08-29,0.5660675885178215,0.6361951532480014,0.7003185834917137,0.7818031235675519
2022-08-30,0.5424327045242557,0.6096245653528413,0.6806190496533003,0.780260000887688
2022-08-31,0.5511669468657722,0.6262618030544951,0.6926743103118274,0.7778693082809475
2022-09-01,0.5548391081325418,0.6244049677580074,0.6949441532510742,0.7858965368565415
2022-09-02,0.5511004351516217,0.6205941488398093,0.690441576818243,0.7940484920607617
2022-09-05,0.5491518425299898,0.6250126816168202,0.6902580197776668,0.7968792736358566
2022-09-06,0.5465552685981724,0.6176498898395238,0.6800306838032201,0.7922401745905279
2022-09-07,0.498999701350868,0.6040109289652152,0.6451612052985801,0.7799205128454558
2022-09-08,0.47685625953650806,0.5890477947105071,0.6468178975726202,0.779577936674621
2022-09-09,0.48661447863993257,0.6023530307184657,0.6463703047932559,0.7819100565519865
2022-09-12,0.4925499764709815,0.6083070952015449,0.6527299276665177,0.7844760485934924
2022-09-13,0.4485991333300879,0.5799075366788874,0.6280898732004568,0.7710972742930673
2022-09-14,0.5419365223563588,0.6334893150198451,0.6812889016634159,0.7797182168510071
2022-09-15,0.5558850945069728,0.6454073457349185,0.6962322882826245,0.7739582577692132
2022-09-16,0.5952268470637385,0.6641136945889916,0.7307392874694716,0.7838449820734306
2022-09-20,0.6008147580722366,0.6658235680650262,0.7309076265205899,0.7840369085939798
2022-09-21,0.6144016770557503,0.677976623071165,0.7341723440385255,0.7799368442628283
2022-09-22,0.6062535273626182,0.668478320486355,0.7272780993346564,0.7722762248249303
2022-09-26,0.637065814518437,0.6899996955469666,0.7456763965217483,0.7861614728698252
2022-09-27,0.6274401746181509,0.6791134271861132,0.7293433231524307,0.7802853062219803
2022-09-28,0.6332856676524892,0.6528895250606357,0.7436299799772302,0.7705484114763891
2022-09-29,0.6265058323695688,0.6584060062359972,0.7448193078504641,0.7588986935357834
2022-09-30,0.6556742787207556,0.7060104924142319,0.7504032088892625,0.7728534210798776
2022-10-03,0.6454538574944115,0.6915994538353205,0.7150252173170826,0.775007940081787
2022-10-04,0.6817939223243213,0.7186049953662761,0.7426851342960173,0.7744496316562691
2022-10-05,0.6780224993032127,0.7128547692178394,0.7278784979908217,0.7693085427700843
2022-10-06,0.6786217898884086,0.7312491865208994,0.7298024926205043,0.7723076907559956
2022-10-07,0.6820025997413718,0.7327705656159295,0.7377122972673977,0.7864170744834322
2022-10-11,0.6240472324808661,0.7505461423854811,0.7599899911729594,0.7984031231299306
2022-10-12,0.5821866315853507,0.7465747014418941,0.764908107126145,0.7801366419418762
2022-10-13,0.5809131258513395,0.7460327403942907,0.7703624622560011,0.7693814736389237
2022-10-14,0.5979746190201014,0.7454069660737629,0.7934321382964497,0.771542326164103
2022-10-17,0.600282183016208,0.7478068504594718,0.7969978347760428,0.76501518811797
2022-10-18,0.5917575056769777,0.7371398376287714,0.7889043445784629,0.7499998615289234
2022-10-19,0.5900406393695001,0.7386153213920008,0.7877893727285993,0.7536398771211787
2022-10-20,0.5889335225431874,0.7291336585073112,0.7860501053271117,0.7554437182227428
2022-10-21,0.5856148349171245,0.7237875292486305,0.786202413470085,0.7255564534710883
2022-10-24,0.5877796183379818,0.7173876524878328,0.7730698564225892,0.7250665081016365
2022-10-25,0.5947675924742692,0.7205499676523874,0.7794859717670766,0.7305476087181229
2022-10-26,0.6047315460555318,0.7332158941388212,0.78272213932979,0.7266726295178234
2022-10-27,0.6057006983709997,0.7355113208331965,0.786371118547096,0.7230971184207231
2022-10-28,0.6078115163241673,0.7354602416457372,0.7755244664157376,0.7229680911326327
2022-10-31,0.6228645504193483,0.7575457500746577,0.7899055316187531,0.7203695921899694
2022-11-01,0.6284584757749249,0.7526469300432862,0.8001897654700603,0.7198434377198015
2022-11-02,0.6258943494342689,0.7507314690132033,0.7993433625789211,0.7171850204157426
2022-11-04,0.6288975076246778,0.7573043975027602,0.8107050484243253,0.7181374333261538
2022-11-07,0.625371704532378,0.7613531394461261,0.8132826358950467,0.72393222781159
2022-11-08,0.6274314204818519,0.7638898888405649,0.8197634833383808,0.764042649869347
2022-11-09,0.6142865597812238,0.7562295955400443,0.8109754763254886,0.7544715700262442
2022-11-10,0.6123698501813062,0.7486443957084505,0.8086602061517851,0.738352940076854
2022-11-11,0.6256501109358861,0.7688779393092753,0.8235819621868249,0.7644288544787418
2022-11-14,0.6164003888421431,0.7445229835280177,0.8190483086312292,0.7442443886307867
2022-11-15,0.6149946930947374,0.7543577153636422,0.8172724143619912,0.7522532704599773
2022-11-16,0.6202414666224436,0.7482475940080218,0.8175976041177382,0.7511528779531568
2022-11-17,0.621139548312781,0.7451803462610472,0.8174734990599887,0.7485393364245397
2022-11-18,0.6220967325783788,0.7445619102130749,0.8173340223804411,0.7481485538078045
2022-11-21,0.6175573673238802,0.7406526530584066,0.8147911818180575,0.749154451173456
2022-11-22,0.618984748110908,0.7357641217939913,0.8117838485480697,0.7481542244787526
2022-11-24,0.6242083559215268,0.7387964889455417,0.8144315945898466,0.7492196081092741
2022-11-25,0.622166846613151,0.739273696548897,0.8134567365123064,0.7488986512413479
2022-11-28,0.6030951292060617,0.7216231867792993,0.7960746834742849,0.73008107053295
2022-11-29,0.6196049162315358,0.7386026745524343,0.8080592982053272,0.7287881718882064
2022-11-30,0.6191421584380379,0.7382123964237209,0.8086914716451928,0.7277854430045562
2022-12-01,0.6266760858656105,0.7387013307410619,0.8080951697542237,0.72105577939791
2022-12-02,0.6363455764137085,0.736184893103958,0.8061990540895966,0.7153996430102258
2022-12-05,0.6320245995514188,0.7344784562862771,0.8094988516875843,0.7118272956135866
2022-12-06,0.631545361112415,0.7319729473088068,0.79853463639898,0.7119627755057034
2022-12-07,0.6346060994548467,0.7330787070405687,0.7989702728868433,0.7091302859253886
2022-12-08,0.6409819538831014,0.7402049608775476,0.7996672148803806,0.7093209728045934
2022-12-09,0.6437286324000877,0.7425895289991815,0.7971516165914351,0.713548122402057
2022-12-12,0.6383276283595636,0.7397835206376792,0.7934338538453023,0.7131664632800913
2022-12-13,0.6384180521722155,0.7402458244535662,0.7917501965851954,0.7120271467122592
2022-12-14,0.5977554854624245,0.719196447485755,0.7673674781029228,0.7001777270176134
2022-12-15,0.598099978753203,0.7196528527500827,0.7681393676850509,0.7007170210496478
2022-12-16,0.6000339066504741,0.7285026882248505,0.7781210913481978,0.7111293561202825
2022-12-19,0.6066406412899003,0.7274267612829342,0.7806922293588139,0.7140982751985301
2022-12-20,0.5928054994965335,0.7166156203315289,0.7646389689507516,0.7236019385625178
2022-12-21,0.5734036776285776,0.7159935019201744,0.764551770112168,0.7261147189625016
2022-12-22,0.560104299740823,0.7045445435086715,0.7522606027466318,0.7057049757593733
2022-12-23,0.5787039454735872,0.7156299982955386,0.7701153082441322,0.7145691587450828
2022-12-26,0.5778063973344301,0.7307505804416645,0.7719144437904523,0.7156606105077981
2022-12-27,0.5716361094650471,0.730392613980609,0.7687144382341474,0.7178039955961864
2022-12-28,0.5473402751629061,0.724141280413282,0.7604446394272637,0.7073139194667101
2022-12-29,0.5631065405677821,0.7426389385812815,0.8061944242104268,0.7020254991476381
2022-12-30,0.511849820297722,0.7362278624203461,0.7914089967637414,0.702757165269735
2023-01-04,0.5224048830962579,0.7368789681015115,0.7992702107626708,0.7066843743154616
2023-01-05,0.5193358865384186,0.7375862751184069,0.8060148674464432,0.6995381468596089
2023-01-06,0.5131876200864067,0.7257409861411336,0.7866702431024918,0.7007234309956155
2023-01-10,0.5906764726523356,0.6856974053695498,0.7692783870909968,0.6737853162817031
2023-01-11,0.6507578146193078,0.690669445818855,0.766907090232073,0.6969709150687782
2023-01-12,0.6461435357658881,0.6888682122472158,0.7655725952240396,0.7060579957207918
2023-01-13,0.6333424508455411,0.6889261585551618,0.7256957993715152,0.6820830302227503
2023-01-16,0.6373693576935285,0.6729595139535485,0.7092026060390166,0.6952529113957159
2023-01-17,0.6109353688385076,0.6577445782799728,0.6830531018594572,0.7012762560832679
2023-01-18,0.6410302820737535,0.6213232048610958,0.5885458978959774,0.6859105861968653
2023-01-19,0.6061950757485975,0.6253633070695267,0.6028674490319553,0.6896533373653833
2023-01-20,0.5988283461910021,0.6068185438778336,0.5895735659132832,0.7172669365485693
2023-01-23,0.6124332781983006,0.6165429688919859,0.6047905102643462,0.7224637010866133
2023-01-24,0.6222998558885335,0.6339729181812619,0.5996858038159191,0.7275195327866324
2023-01-25,0.6211232850699138,0.6277958492207455,0.5965530513749833,0.7331419116436899
2023-01-26,0.6144801558694337,0.6270914816938986,0.596670862339432,0.7328349822662958
2023-01-27,0.6079746981304216,0.6229818724657873,0.6074386740572112,0.7295746220200495
2023-01-30,0.5865116269469426,0.6075778850579405,0.5822546046081551,0.7362443709460773
2023-01-31,0.5844782070028793,0.6168075844645695,0.587269548661527,0.7368495924171167
2023-02-01,0.5847997970927595,0.6161671452626439,0.5844505122817293,0.7398495638939802
2023-02-02,0.5892599994647673,0.5865987315267431,0.5603964483579006,0.7289062299693739
2023-02-03,0.5977300928410791,0.5757763286958146,0.5481309341660466,0.7191423276080782
2023-02-06,0.6003090322295255,0.5558506977682174,0.5281998730293077,0.6908630309382244
2023-02-07,0.6170789034688148,0.5633326658891055,0.5427883594615173,0.7008594296064506
2023-02-08,0.608536591733533,0.5435246950845207,0.5246162863683472,0.6954799622808416
2023-02-09,0.572818419051306,0.4409962892823141,0.4149795386467831,0.6239634207255575
2023-02-10,0.5948106706985996,0.47445589260478527,0.4134650566531341,0.649812792947563
2023-02-13,0.5900873632555137,0.4826504079529506,0.4032659750379191,0.6548051034241886
2023-02-14,0.5921194013475959,0.4883194303880053,0.41151316275426647,0.6583192221607711
2023-02-15,0.5893323046016516,0.4836612107980314,0.4130731676540195,0.6616980018232645
2023-02-16,0.5786415818473483,0.4827685637591829,0.41198085430206516,0.6629879815064371
2023-02-17,0.5802996635786459,0.48954964867305534,0.4198860992802187,0.6662236060810048
2023-02-20,0.5790775604588156,0.500900455849375,0.4237754717448966,0.6643910383145449
2023-02-21,0.5686979241354082,0.48610213823010895,0.4064205767523636,0.6553691180531157
2023-02-22,0.5786101080576396,0.5048752327748139,0.436906501686492,0.6588232611684485
2023-02-24,0.5683652618619037,0.5165881952748209,0.4376360962615661,0.6692349875598141
2023-02-27,0.5642628670596349,0.5120225622579233,0.4317656754181949,0.6647324573048771
2023-02-28,0.5619310664510293,0.511868082177508,0.43237770589530095,0.6654292132441518
2023-03-01,0.5470910982493147,0.4982413234900478,0.40775673661700435,0.6577891446216878
2023-03-02,0.5271649998332982,0.5005431946657639,0.4031424185916082,0.6686134114804725
2023-03-03,0.5482292912995855,0.5014990096850065,0.42414708598311673,0.663138538529732
2023-03-06,0.5643821696091537,0.5102197039807997,0.45537789848992877,0.6716645930753626
2023-03-07,0.5652574226233534,0.4985373731102522,0.4472208329634572,0.6645865350349691
2023-03-08,0.5628425481023067,0.49197294858583085,0.4181812476862392,0.6609007280383832
2023-03-09,0.5620278937842819,0.48526348116497786,0.4080933910866652,0.6536139164511737
2023-03-10,0.5811076367725827,0.49700196772340416,0.4402340741564031,0.650942744242052
2023-03-13,0.5934906564926611,0.5035276991510125,0.45257121443127457,0.6509270347983721
2023-03-14,0.6191351300791798,0.47969978933390406,0.4369467519566201,0.6501541228271782
2023-03-15,0.6184737276830855,0.47329353703406124,0.43158688362383063,0.6495357553937559
2023-03-16,0.5934443538175862,0.4417940571528352,0.39211076061832967,0.6146490768493968
2023-03-17,0.5982538803273423,0.45697127664225384,0.3998884616209507,0.6199240266181032
2023-03-20,0.6283688552889408,0.45212025682307544,0.4228230623540395,0.606389585982415
2023-03-22,0.6380330961296845,0.4455096399373786,0.47544051508463475,0.6084697561186756
2023-03-23,0.6368137377057336,0.44374624351240155,0.4711431891974522,0.6092659750208387
2023-03-24,0.6285271149497299,0.4147665970054251,0.45804389959541886,0.5916627955500999
2023-03-27,0.6284141673777106,0.40948862707183503,0.45554383258874365,0.5714893220163931
2023-03-28,0.6278360431712882,0.4069607566474646,0.4546728853537986,0.5734787976912331
2023-03-29,0.6096445546773573,0.3829061143909544,0.4486122033631869,0.5519764508333915
2023-03-30,0.5678518504466433,0.35568475964894236,0.421370281636387,0.5452023216997595
2023-03-31,0.5591003913314191,0.36866603569751694,0.4320639127183143,0.5394367120896769
2023-04-03,0.5522133510181824,0.3562445468666453,0.4376309987133561,0.5179620779267023
2023-04-04,0.5626924342467686,0.3512487719905492,0.43629512115058916,0.5235338272252691
2023-04-05,0.5670870337914505,0.38439464561500686,0.45704596104397854,0.5112171754759913
2023-04-06,0.5791240304836224,0.39392624505594515,0.4358740989097634,0.5281666956208177
2023-04-07,0.5810248771729741,0.3881020282375761,0.4303605435035443,0.5219707254530439
2023-04-10,0.5850764590758716,0.38848433295504414,0.43390875229547937,0.5226434739261171
2023-04-11,0.5761751177693273,0.41757716551677726,0.4639611431803548,0.5853371044338125
2023-04-12,0.5616996110059009,0.42240570878371175,0.48300307769992007,0.5731840108350005
2023-04-13,0.5693380583510497,0.4228980811270334,0.4877363688009513,0.5605112801508718
2023-04-14,0.5577712820264233,0.44681897112958,0.5966934616068656,0.5317443102725501
2023-04-17,0.5974744137455867,0.44774352820605734,0.5689285040784421,0.5142853951926404
2023-04-18,0.6065172371857855,0.4694007345301206,0.5834608013100803,0.5011462513432366
2023-04-19,0.586333878426975,0.44880273914335844,0.5721290025360639,0.4864212711059939
2023-04-20,0.5796219413882295,0.4083760754062694,0.5633727411698622,0.4726766856284529
2023-04-21,0.5779304255250105,0.4113835973383255,0.5638847747157949,0.46661955139729966
2023-04-24,0.584716334456501,0.41070261275801256,0.5642879516987748,0.4622052289247346
2023-04-25,0.5852648713199149,0.4129611547495886,0.5666602558992321,0.4622382222940108
2023-04-26,0.5960153138641202,0.4291206961907483,0.5746266304682319,0.4615659484252603
2023-04-27,0.5974646302793957,0.4244082190982068,0.5672308861257502,0.4576112473922022
2023-04-28,0.6127007167233097,0.4278603581973996,0.5963352828491334,0.4731591349236282
2023-05-01,0.6214512981001641,0.46232505794468026,0.6026236959307609,0.4744113795239475
2023-05-02,0.6179266108462986,0.46106635029422316,0.6039193236968109,0.4729654656000391
2023-05-08,0.6014888639723025,0.4802097886494246,0.6198035759079477,0.4892181396763829
2023-05-09,0.5511974967634036,0.48323798649979577,0.6101191986479915,0.4973439593703347
2023-05-10,0.5421733634268994,0.51779807493342,0.6221892929247145,0.5081568787845863
2023-05-11,0.5423507173340473,0.5184077325148067,0.6225624692149354,0.5059835703238518
2023-05-12,0.5406645531431958,0.5081067693135124,0.6108222084556637,0.526492865246832
2023-05-15,0.5548411337084018,0.49442674205587867,0.6285123402670437,0.49442466659249124
2023-05-16,0.5583661976043137,0.49625786206127576,0.6260479388957823,0.4957647196044626
2023-05-17,0.5555522961477564,0.514329933889206,0.598497933037879,0.5028002471178851
2023-05-18,0.5877647914088598,0.5341555846183371,0.6148462084017512,0.5319270516399492
2023-05-19,0.5893628993026976,0.5273626375626194,0.6084050952718885,0.5251151961478482
2023-05-22,0.5809064544621511,0.5200066337472131,0.601747617618558,0.5258786175481075
2023-05-23,0.5639234128064441,0.5163605820745529,0.605008685382058,0.5306193806281767
2023-05-24,0.5684916588595348,0.4920861267498046,0.5830655122005347,0.511959342388386
2023-05-25,0.5765998850787013,0.46407869384016603,0.580834162097903,0.4915862891192668
2023-05-26,0.5715589766525748,0.41955000265560766,0.580800307670006,0.48070332192579357
2023-05-29,0.5802491708127093,0.4316433057311208,0.5896892951019072,0.4768650488412868
2023-05-30,0.5816268014497249,0.43128043003122096,0.5942548049660568,0.47768207120496875
2023-05-31,0.5951184851150986,0.42144715671438154,0.5838820470982626,0.4948517871549148
2023-06-01,0.570066917141163,0.3908003300440301,0.5596760333893908,0.5073751212214908
2023-06-02,0.5724378185072864,0.3917032029978932,0.5524036344128246,0.4551397401368038
2023-06-05,0.5903174317062846,0.3701594722826298,0.5928907319783883,0.44638879013259913
2023-06-06,0.5909421652583036,0.3581675577986387,0.6113737988561321,0.4501928002522146
2023-06-07,0.5133759607133811,0.31902165194577575,0.5905492329508245,0.492551425113768
2023-06-08,0.5112741433976916,0.294940302174468,0.5476459474213594,0.4842053344616084
2023-06-09,0.4719080827995101,0.2793574219515989,0.530751521933777,0.4712670727657309
2023-06-12,0.44360256398966164,0.28776870195906873,0.5425837093466235,0.4509174794434937
2023-06-13,0.4494558044117125,0.33098644819425244,0.5590947942682966,0.4819370765657321
2023-06-14,0.44469672634963964,0.32497714275375583,0.5474088671244896,0.48305433856470814
2023-06-15,0.4312548967729416,0.3000259350931897,0.5401570509588399,0.46491847196961067
2023-06-16,0.40043695214024266,0.29118207669772633,0.5096745334112298,0.4382679261932258
2023-06-19,0.3887092449385307,0.2973150826542943,0.4733932650222381,0.44712711976249925
2023-06-20,0.38879123437686847,0.29371186309733444,0.4764857925661948,0.45407959343424925
2023-06-21,0.37016790588786685,0.3074425905046573,0.46758226031675937,0.4630072492004875
2023-06-22,0.3416824350563057,0.3374259439165613,0.47319382802916127,0.4975262429868552
2023-06-23,0.35142407419466254,0.3195056710940997,0.46698224442933556,0.47380369493331564
2023-06-26,0.3723737817868705,0.342672137471064,0.4830265261237072,0.4912019360599812
2023-06-27,0.4093145039403721,0.36946582816939716,0.5091774512935408,0.49505941926720065
2023-06-28,0.4208022858757197,0.4000112892402905,0.5149788136627834,0.5124756043073101
2023-06-29,0.41207694118906424,0.39969174417672587,0.5225286967944074,0.5163044377152886
2023-06-30,0.4153176786601123,0.40153398090208176,0.513900330476743,0.5184690471077457
2023-07-03,0.4148760820438155,0.39005402767001607,0.5176987783563819,0.5483186266393084
2023-07-04,0.3705096938281345,0.3554525180652581,0.5314677807191416,0.5127665250756887
2023-07-05,0.37163344149251226,0.3553503244185068,0.530351719195902,0.5198388049443136
2023-07-06,0.4095848039340533,0.38604007239947846,0.5313577562726182,0.5576518246038583
2023-07-07,0.43646701743642974,0.390153320767069,0.5495731400717574,0.5575500637742812
2023-07-10,0.43686782123601003,0.39285079761585573,0.5542838268760224,0.5640694100956554
2023-07-11,0.43818578733543856,0.3916675242185756,0.5474496497987966,0.5669516930045526
2023-07-12,0.4230181164092887,0.38973122622386125,0.4968256984240739,0.6054220447815789
2023-07-13,0.3968199281475647,0.40006923024935603,0.4973138917587005,0.6101325529184206
2023-07-14,0.37891284157962163,0.3940937624676968,0.4948282437238631,0.6199082254614853
2023-07-18,0.37093388803523797,0.39482617907014,0.4937429462699638,0.619595189930625
2023-07-19,0.3817853793134509,0.39018612286621845,0.5065447177262777,0.6237106537625091
2023-07-20,0.3674400935636228,0.39966225865965643,0.48437299915518556,0.6347294454456801
2023-07-21,0.3788710061798659,0.4106088572075674,0.47248712090384015,0.6317423891616829
2023-07-24,0.3845654912328815,0.41201855698471096,0.4675079139374002,0.6368096501587788
2023-07-25,0.37185124789325025,0.39773635789935563,0.45006194642901837,0.6373068876693604
2023-07-26,0.37298544679502704,0.39285026702548537,0.4536366998228039,0.6356945454868005
2023-07-27,0.35596870522800955,0.38296011161855115,0.4336712390056747,0.6341523642867464
2023-07-28,0.35162089066696955,0.3659423880100134,0.4321212606445181,0.6248076488452043
2023-07-31,0.369521358604237,0.3771066091295911,0.4386370097847999,0.627550004505254
2023-08-01,0.37969163226263897,0.37132138833476025,0.42626078787876404,0.6313756039714669
2023-08-02,0.3983206453458563,0.3638358284426799,0.40530551492928574,0.6483961324091374
2023-08-03,0.44253366423731555,0.3987104581359116,0.4334338923980858,0.6464937038928602
2023-08-04,0.4379201507727926,0.3999402067105709,0.43284403892273027,0.6486220422461515
2023-08-07,0.43842066515670797,0.40787785028311613,0.45115546335077295,0.6426180695849976
2023-08-08,0.43308959602380015,0.4132647494718468,0.4498329738013877,0.6516205959015955
2023-08-09,0.43035914791359003,0.4139628493775038,0.45527701981398244,0.650394847138043
2023-08-10,0.4221013858297688,0.39960902826117795,0.4719535940269946,0.6327200513808533
2023-08-14,0.37363054621981906,0.40348550484296763,0.4284503467754953,0.6170519428565977
2023-08-15,0.36232838003180423,0.3995800443944346,0.42507774733594517,0.6180469428118688
2023-08-16,0.3810560706658255,0.4208642068710206,0.4618626432482528,0.6200519036047565
2023-08-17,0.39401730790617345,0.4255768662089536,0.4622526837051029,0.6181976816811001
2023-08-18,0.38657830503479773,0.4231816709080348,0.45722738802496843,0.6195207249719935
2023-08-21,0.39136341458648205,0.43214569582310913,0.4721206020875342,0.6222382962465713
2023-08-22,0.39930952859534313,0.467734863848334,0.4671742690416224,0.6371474740545289
2023-08-23,0.38784695895065785,0.45854344490762255,0.44525663073609795,0.6356605831495514
2023-08-24,0.3928896119904943,0.46654156395725094,0.45144233555989605,0.640673689175059
2023-08-25,0.39236036859519907,0.5094689967665134,0.48394444587713825,0.6623711954645332
2023-08-28,0.41322136327208336,0.5382814759125001,0.5101016213350037,0.6659952770603355
2023-08-29,0.39475447352889587,0.5301363046105939,0.5040076048244628,0.6986470721582151
2023-08-30,0.36390516632146436,0.5491051816096726,0.45159585651629247,0.714585113772451
2023-08-31,0.35782515218615657,0.570622125965092,0.47357524346514124,0.7151346803898987
2023-09-01,0.42257286592731763,0.6104234192673741,0.4772806947811675,0.6948917510013605
2023-09-04,0.41390770806475885,0.6105071576010329,0.4890660194443143,0.6953456486648972
2023-09-05,0.4269310294835475,0.6117409815730253,0.4810097236495034,0.7116460443421381
2023-09-06,0.4281842746630507,0.609936139061968,0.46510131276174255,0.7149990330626808
2023-09-07,0.41181950731385525,0.589049078691589,0.46062926527865233,0.6975427851015518
2023-09-08,0.38681368303328295,0.5947301234890966,0.4426692845833886,0.7209905181123275
2023-09-11,0.3885571803558982,0.5997894933888519,0.44483229455521867,0.7220854529668179
2023-09-12,0.381281435917122,0.6056931006534202,0.44025428836200475,0.7239910123524819
2023-09-13,0.39157580143526705,0.6033877459116925,0.43542494970167983,0.7189711571827938
2023-09-14,0.3898701394413309,0.600844811956407,0.41756819945659573,0.7278182762416397
2023-09-15,0.428965237218675,0.6079081794188375,0.45460769693415115,0.7335673289959252
2023-09-19,0.44423104341557196,0.6069514086590784,0.4604875591300922,0.7280065026448249
2023-09-20,0.44989630988606977,0.630951403436464,0.4709276422933641,0.7485007175891267
2023-09-21,0.4702507903177139,0.6407756507617898,0.473547950051135,0.7462876459236838
2023-09-22,0.46513288448210527,0.6456896605446026,0.47454453481267667,0.7497329474492431
2023-09-25,0.4656553332276158,0.6197810935369503,0.44603168783885205,0.749026770316821
2023-09-26,0.4544435352001882,0.6048350505348032,0.43893743012421915,0.7602371531884694
2023-09-27,0.4345103899552675,0.5956608397787401,0.4265600746096739,0.7610739986379945
2023-09-28,0.3848302884311401,0.5528083403810745,0.3994505231418638,0.743867875140142
2023-09-29,0.39597960092308676,0.5623770341672423,0.4033541415110799,0.7427874032811187
2023-10-02,0.3973321003750179,0.5607744657305287,0.4045854142398248,0.7427020448156783
2023-10-03,0.3817915006549461,0.5222005447795389,0.39803086610691796,0.7232982248183689
2023-10-04,0.41716141344958085,0.5347862797046626,0.4280112259531469,0.7316900135622322
2023-10-05,0.40103575200844477,0.5460888359343782,0.4320184702716391,0.7323976043384981
2023-10-06,0.3944194690689727,0.552347671304872,0.43451914121193663,0.7321073977109862
2023-10-10,0.39948980589061595,0.5695135562260795,0.5199482982187902,0.7415344286298222
2023-10-11,0.4280898788490262,0.5605717983072107,0.5218630250346356,0.739645435501101
2023-10-12,0.4504398211256129,0.5708697202350607,0.5203295525461425,0.7518100858852115
2023-10-13,0.45223639227443824,0.5662522940873083,0.5229667978695123,0.749195105484105
2023-10-16,0.4546439954982584,0.5906475787616698,0.48238128754461396,0.7604389107737314
2023-10-17,0.472521788006836,0.5953674031366569,0.5155877934061687,0.7640608356563178
2023-10-18,0.46962661833368025,0.6016699524147499,0.5276605723730999,0.7856214866272838
2023-10-19,0.4844089366344192,0.6076120551294093,0.5516556061613126,0.7935396647927495
2023-10-20,0.4871868678013273,0.609228873530392,0.5576352342574732,0.794053665706593
2023-10-23,0.49168543245646584,0.6195333553592269,0.5626736423632392,0.7925555552561458
2023-10-24,0.4941005789680704,0.633939164105432,0.5534627643684734,0.7902500599260681
2023-10-25,0.4988530136305273,0.6535353773113864,0.5581666552846295,0.8062236982802684
2023-10-26,0.48230430457950363,0.667275050474292,0.5434990063281241,0.8169156028593968
2023-10-27,0.44320418410626217,0.6555429604585572,0.5056280335270754,0.8144375451864745
2023-10-30,0.45865838247671503,0.6619029288279615,0.549326756493313,0.7965714013995402
2023-10-31,0.4290117942653798,0.6355001586012141,0.5260878941370389,0.7984798377136048
2023-11-01,0.4880411988515413,0.6351092852459256,0.5300193506704711,0.8050983072068276
2023-11-02,0.499860955347326,0.6429428672129398,0.5417228438364481,0.811461571731017
2023-11-06,0.539579465139426,0.6723628726679272,0.5891448649057813,0.8121448341729703
2023-11-07,0.5391075300476665,0.6654378201406265,0.5762956071461002,0.8148069322783855
2023-11-08,0.5526241707870614,0.6832321088176057,0.5870210853421528,0.8285082985357887
2023-11-09,0.5606781305141726,0.6673675362747741,0.5985577973963138,0.8341079425138768
2023-11-10,0.5630287903572193,0.6730472387453287,0.5977324664419049,0.82836446042115
2023-11-13,0.5470946369887948,0.6342126538543839,0.5723536811284599,0.8271420099299197
2023-11-14,0.542827989771685,0.6299614534196747,0.5710650419754401,0.8247112913939764
2023-11-15,0.5542650439848772,0.6532289697602364,0.5964083086650548,0.834657603353721
2023-11-16,0.5506149462923461,0.6498329607223624,0.5907362358786714,0.8344502849076592
2023-11-17,0.545381497873046,0.6478924279796264,0.5934142496090995,0.832066571134629
2023-11-20,0.542903109089178,0.6484565629682468,0.5995031538429905,0.8361802442977541
2023-11-21,0.5396086505322042,0.6392801370880867,0.5917495445504408,0.834289896134831
2023-11-22,0.5250421266347115,0.6030873523360105,0.5705783864152935,0.8222968016200193
2023-11-24,0.5238558884311074,0.609023388649443,0.563316171949903,0.8186821778140316
2023-11-27,0.527279273837043,0.6090833456589749,0.5595525196400968,0.8184252249242501
2023-11-28,0.5263000281917233,0.6157858721809553,0.561710969602015,0.8183315495156713
2023-11-29,0.5310060631752058,0.6166479237132589,0.5607016323579441,0.8171023922729909
2023-11-30,0.5292580710375445,0.6176386457988462,0.5653480370522477,0.8189316144244214
2023-12-01,0.5215501148654031,0.6177411909151029,0.5395067890121882,0.820884661852474
2023-12-04,0.5225652405135017,0.6143933123396855,0.5245546354747846,0.8210028317855426
2023-12-05,0.5306854311186856,0.6207561092038837,0.5355579319444427,0.8237851961457838
2023-12-06,0.5074034947857472,0.592333410569477,0.5054340160416467,0.8238217558284603
2023-12-07,0.4723397069701849,0.5834898000362481,0.5110785821795281,0.829729777419514
2023-12-08,0.4942818276694212,0.520580139740136,0.5012429019832841,0.8311352993808988
2023-12-11,0.5047231963167043,0.5238893510973686,0.5020252464988803,0.8354949787815568
2023-12-12,0.50239834573691,0.5111693318395242,0.5017200399261713,0.8344533571642789
2023-12-13,0.5030083290776037,0.5131788703884506,0.5163713640592786,0.8119606081967751
2023-12-14,0.4924883293380778,0.500361707091505,0.47557803648042657,0.8100902179270988
2023-12-15,0.4914873408783432,0.5014961832175481,0.47146890534837244,0.8273689515658678
2023-12-18,0.48738872632037955,0.4960635994988915,0.46722019494601585,0.8268646789962247
2023-12-19,0.48272654871608633,0.4703522727179818,0.45514639368011467,0.830741081313024
2023-12-20,0.5022388767345374,0.4651060376537349,0.46056982436765836,0.8180522093633108
2023-12-21,0.5096928713692263,0.48579177916145866,0.49305253231479607,0.8212119740707918
2023-12-22,0.5196620844116489,0.4860416530095819,0.4929474958398983,0.8215398535153458
2023-12-25,0.5380648977401008,0.49479791705282666,0.5086816052046589,0.821431910726366
2023-12-26,0.5705840287881232,0.510324303874289,0.5048609360516271,0.8210936137885276
2023-12-27,0.5768511913007128,0.52103111398724,0.5068403979711289,0.8294882434452634
2023-12-28,0.5759376507011185,0.5215636277916332,0.5038806282003732,0.8306760167414107
2023-12-29,0.5693812763965356,0.5329868467664516,0.4998911238733635,0.8323603697621019
2024-01-04,0.5323636751333846,0.4829339324996358,0.4652366513922153,0.8021076948164808
2024-01-05,0.552505992682953,0.47509357198020913,0.466606533521739,0.8016436069768982
2024-01-09,0.5718927933508029,0.4847309305676203,0.4703060699312319,0.805462781805201
2024-01-10,0.5642329147110309,0.46318563320859624,0.3982804335717656,0.7970194539566164
2024-01-11,0.5875400653843856,0.44525050099109686,0.399203361715186,0.8013728005885193
2024-01-12,0.5938051679458389,0.4438397661604911,0.39634063377756484,0.7893643352254431
2024-01-15,0.6103317123941715,0.44026755921654187,0.3789996553497528,0.7881672706460737
2024-01-16,0.5935764449816422,0.4097111640976826,0.38981250225814523,0.7764441864794391
2024-01-17,0.5895531985853819,0.39738894660892576,0.38435562412409735,0.7626777543103541
2024-01-18,0.5882021038775501,0.39764792646392194,0.38467049293711914,0.7642001736913286
2024-01-19,0.5736823761933139,0.39501405512264864,0.355205006636253,0.7441681735754726
2024-01-22,0.5682982867346247,0.4107856254734012,0.36302698897350216,0.7421593620803056
2024-01-23,0.5542507778629079,0.4004468576650646,0.3443945064624109,0.7414937867387357
2024-01-24,0.559970484249329,0.3961088482499404,0.35570680283132255,0.7356860016508832
2024-01-25,0.5575022694530416,0.3913430951921992,0.3541139738129887,0.7337760700211827
2024-01-26,0.5584479676918704,0.33358784782599515,0.3148712551204581,0.7167115496188874
2024-01-29,0.5940905808491157,0.3205017427635271,0.34800812806624404,0.7133175373882518
2024-01-30,0.5925558223582281,0.33075538400077986,0.3201287841104219,0.7252688737403973
2024-01-31,0.585542425590373,0.3277327484384956,0.32460063863302346,0.7233632195431975
2024-02-01,0.5543568649932006,0.3420897360966668,0.3472283547808811,0.7168228585123964
2024-02-02,0.5464174646673555,0.33243269389379976,0.3400352017767836,0.7122035785675566
2024-02-05,0.5020478790872945,0.27254885481786817,0.2513657307680179,0.7132108921654678
2024-02-06,0.5014563836253224,0.2612771156775011,0.26556985783208864,0.6968789715293693
2024-02-07,0.4985621014376776,0.2667062546095645,0.2636172414311388,0.6980248829943831
2024-02-08,0.5328136608047432,0.28764200672749124,0.284628730139958,0.7029936745703361
2024-02-09,0.5114736804700771,0.28234637541400215,0.27904657273858197,0.7090146139808302
2024-02-13,0.5274916413881907,0.31435245590679456,0.27300390712089195,0.7336697031929496
2024-02-14,0.519889761736903,0.3308480023125022,0.295326464221737,0.7380664839181919
2024-02-15,0.510411112305119,0.2957674416380898,0.2372720721841778,0.7355910591825147
2024-02-16,0.5195274053162007,0.2940000836619516,0.2530835233396646,0.7316644045140427
2024-02-19,0.5204997295285508,0.29583311690828007,0.2584676489327457,0.7320862966311855
2024-02-20,0.5265099644083082,0.30111479413031855,0.2578897107520142,0.7311336700882013
2024-02-21,0.5260631672526259,0.31193118263793074,0.26738441982236555,0.7339431360755537
2024-02-22,0.5164232437649856,0.29826145308523727,0.25892280446125,0.7531004989630433
2024-02-26,0.49291725437376727,0.29182596589143794,0.25066471785001754,0.7483008354363538
2024-02-27,0.49316646859816254,0.2892658977844858,0.2573638722151187,0.7478116661056105
2024-02-28,0.49265656767453997,0.28901833434415075,0.25751764722240345,0.7466668113641993
2024-02-29,0.4907591420475962,0.288952033690446,0.26107604487055464,0.7453625853379199
2024-03-01,0.49246260208195575,0.31126000298786555,0.2550372134780838,0.753891960554773
2024-03-04,0.4865984685636061,0.3036537869959699,0.2861944389678874,0.7524353743477197
2024-03-05,0.48451683664569656,0.30256744312507416,0.3132991806453357,0.7512437079190044
2024-03-06,0.4615760905037903,0.2892696564679359,0.3092227013321662,0.7381991748381124
2024-03-07,0.4580153351657977,0.2791131496828069,0.32455643943193985,0.7550724898861294
2024-03-08,0.4821777275775525,0.2602335847645148,0.3165099513163471,0.7405592128632947
2024-03-11,0.48678003660950414,0.3829262121840131,0.33554926018291426,0.7572557926624532
2024-03-12,0.4828713753667909,0.3874865074821206,0.3307222774673765,0.7517264786014111
2024-03-13,0.46687364899456407,0.3866170808819807,0.3216435291322818,0.742890799103692
2024-03-14,0.4589814796041109,0.379745220631972,0.32303761874104825,0.755852127831387
2024-03-15,0.4596950131288263,0.39970616094285555,0.38939027780594776,0.7407535839738512
2024-03-18,0.4740684702035566,0.35989955861945006,0.3238088860121326,0.7428914707276838
2024-03-19,0.4698637645483876,0.3634508673688979,0.32989180345382746,0.7455627530016105
2024-03-21,0.49330382371584547,0.368908683333109,0.3847036196960701,0.752629091420028
2024-03-22,0.47244255861018025,0.3643631077422848,0.36837271225236307,0.7649958046728189
2024-03-25,0.4628253906085827,0.325967637134139,0.34380432083896734,0.7635018351226768
2024-03-26,0.46636488141023197,0.3366409031659114,0.35790057901299643,0.7635660748603872
2024-03-27,0.46500110692208746,0.3297423602467559,0.3538477848770977,0.7635752233889825
2024-03-28,0.4441336412040141,0.31016458173912426,0.2771534985113696,0.7522918586267123
2024-03-29,0.4362675204204389,0.30269749340901564,0.2718702892535313,0.7537980823424526
2024-04-01,0.4321012542595114,0.30010140628799953,0.2755498186689956,0.7622310906577895
2024-04-02,0.4281418636678226,0.29707320323310976,0.27731993811841954,0.7521576948822294
2024-04-03,0.43155467830653,0.29847601142869234,0.29095432828947043,0.7533210459153047
2024-04-04,0.4343608921976105,0.2986461439560359,0.28750114627078105,0.7468881061142494
2024-04-05,0.47198732098928314,0.3295768270115883,0.33528852133805187,0.763872835110847
2024-04-08,0.48962031814312135,0.34470240797441837,0.37298024244960254,0.7690323569749986
2024-04-09,0.4623819053787327,0.3574475158033411,0.3611150487060376,0.7712275692905279
2024-04-10,0.4518317705914364,0.35442421873659735,0.3661554454872913,0.7783697803143327
2024-04-11,0.4498482049634861,0.36568618739733055,0.3796405150407267,0.784355550118676
2024-04-12,0.44896458173872794,0.3623150790765789,0.38135301484318634,0.7813897625868279
2024-04-15,0.4666127690368569,0.3838869551181109,0.3902706518156743,0.7881511276689289
2024-04-16,0.46282942229378576,0.39737064838900893,0.40775689063155196,0.8000267328162138
2024-04-17,0.4567328799249572,0.3630009497505653,0.38718187533027515,0.7937674706541714
2024-04-18,0.4364991754735685,0.31363525400713294,0.36191385278207744,0.7922616362559907
2024-04-19,0.41417848614595504,0.3344605641217919,0.3410774012677572,0.8175187963866005
2024-04-22,0.3742045307788015,0.2929059205692549,0.34645676525330443,0.7923536817341542
2024-04-23,0.3741742851627105,0.2961329126375519,0.3473779236746889,0.7924567034327415
2024-04-24,0.3708318587389682,0.32298935058963996,0.39517829899631346,0.8042001656547055
2024-04-25,0.3421477751696285,0.3169979172706193,0.3880908215255929,0.8110306073985201
2024-04-26,0.32188379895205677,0.32413172128257955,0.36594419158531744,0.8119962342474697
2024-04-30,0.32337674743264844,0.34959415190823157,0.37561462534450124,0.8170701427408305
2024-05-01,0.31130327837274335,0.34622895825780275,0.3650234451811185,0.8173397154384925
2024-05-02,0.31053792354361115,0.34056743841239884,0.3638509458448226,0.8170958038565099
2024-05-07,0.32396762280903163,0.3689038710466129,0.38999215274947135,0.823073072762969
2024-05-08,0.30596995689039946,0.3776386558557653,0.3763674507517047,0.8261734603157305
2024-05-09,0.3083035126662383,0.37691326788138246,0.37368184954321204,0.8240256659102099
2024-05-10,0.300187587265328,0.36566426712727335,0.3697821425389773,0.8209641977518382
2024-05-13,0.30779371129204725,0.36502629525834135,0.36820893840445673,0.8210498987749971
2024-05-14,0.2886435001627376,0.3522574206887545,0.3754478850636367,0.8065082977355063
2024-05-15,0.29377232450013097,0.34477153924631015,0.367796938427476,0.8051218119906437
2024-05-16,0.28364569039746235,0.35064042482388974,0.3780195473357196,0.8074641184469089
2024-05-17,0.2757955586463348,0.3553526314163861,0.3701734272029917,0.8094923243135629
2024-05-20,0.27907463587191306,0.34967674520411357,0.37318394250729,0.810478593569526
2024-05-21,0.26974205708810134,0.3422872843219647,0.3748115962467504,0.8081351903393547
2024-05-22,0.2787013806347413,0.3422183547703488,0.37008429967706225,0.8085696545149763
2024-05-23,0.2668030040282141,0.36294748772693747,0.3580157077134717,0.796462457009289
2024-05-24,0.2671955464648054,0.36129888087675915,0.37859466680376175,0.8059621676790218
2024-05-27,0.2717145305946837,0.36652379557663295,0.37789580512834886,0.8021504603867472
2024-05-28,0.2716039187130811,0.3665434486216693,0.3779260452655452,0.802799832793373
2024-05-29,0.26611247736315946,0.3552620177711615,0.3830791745207907,0.8024565336074158
2024-05-30,0.2760865227286516,0.34616949620144466,0.40352811190913457,0.7971059518363569
2024-05-31,0.263576031762578,0.3283484717148411,0.3739452884041526,0.7689624101646481
2024-06-03,0.27675405600972963,0.31622420310396565,0.39302202110500123,0.771277685685205
2024-06-04,0.2777408411199146,0.3189010759327039,0.4001161337827336,0.769726379121845
2024-06-05,0.31032324718408555,0.34886614614923545,0.3999111474443915,0.7673199277194901
2024-06-06,0.3257797342950291,0.35470192434933345,0.40054933378186763,0.7659927893861513
2024-06-07,0.28654009027728156,0.3081406545351492,0.4056133258711849,0.7619433658885704
2024-06-10,0.2895260730659153,0.3042929403811761,0.3991139545620185,0.76354196321681
2024-06-11,0.3037768892764325,0.3123233322426745,0.40530845811665306,0.7709773842988097
2024-06-12,0.3180288263736155,0.3227281615926234,0.4072433005545889,0.7700577069809736
2024-06-13,0.31203448365515357,0.30773912206379544,0.40650948843642853,0.785215470792118
2024-06-14,0.2819995162305319,0.34300277379608396,0.4547690782767629,0.7798697942425715
2024-06-17,0.2701143506823056,0.34280391334067506,0.4482707115469396,0.7801203913461827
2024-06-18,0.22218358150185422,0.3553337866082466,0.4079863788650354,0.7687004017370245
2024-06-19,0.22289313285746842,0.35585369592267896,0.40799182156686326,0.7667540790746208
2024-06-20,0.21460572926665025,0.3577437268676475,0.3972969157503628,0.7664174542513622
2024-06-21,0.2171646193564516,0.35169191991208526,0.3942597691473499,0.766656021249724
2024-06-24,0.21020482732042717,0.353050850481617,0.39830623007176,0.7639078954148751
2024-06-25,0.24100646202109835,0.33090991834136013,0.4637319936875512,0.7598249356941728
2024-06-26,0.27384638751769486,0.3424184369649886,0.4313818233592312,0.7660426192370634
2024-06-27,0.2734273779891186,0.3467278875889302,0.4353875278656278,0.7624333101983127
2024-06-28,0.28290380833023193,0.3414432777941132,0.43952523997678744,0.7715114291432572
2024-07-01,0.27411283447141144,0.33292421948527134,0.4270914815101581,0.7787709619277509
2024-07-02,0.25029000194191864,0.3295604235373438,0.43052379539398067,0.7812981228721945
2024-07-03,0.21289025634366807,0.29800300347041814,0.3966286706561455,0.7697093841759636
2024-07-04,0.21367914223291193,0.30026764198611045,0.38370844279095556,0.7644010429547592
2024-07-05,0.2099957821725762,0.30415071153963386,0.3882813485311136,0.7565333029929181
2024-07-08,0.20497213868453035,0.30843566278148266,0.38658718497926176,0.7629110530040554
2024-07-09,0.1722307181201377,0.3193992965081965,0.36835387034485545,0.7728749648133235
2024-07-10,0.1805274884656189,0.31856028919317253,0.3653438977311136,0.7751983092675033
2024-07-11,0.1802816617196454,0.31334775245088525,0.3636956315282939,0.7762000166951198
2024-07-12,0.25427954147997806,0.351954951337149,0.32223756839948736,0.7877877108017928
2024-07-16,0.23487520259555342,0.36455089678262376,0.3251647032508593,0.7925717804925178
2024-07-17,0.23463105401266657,0.37994802978040754,0.2855231195410045,0.7664566358246643
2024-07-18,0.349274068526065,0.4472664790755342,0.25534089747689503,0.7601771474818854
2024-07-19,0.3928162092315923,0.500127399317956,0.24928390507678327,0.7807408264634988
2024-07-22,0.40705341556840535,0.516580105762062,0.27031846356342004,0.7841933007450045
2024-07-23,0.4032549461998257,0.4932467901585491,0.2502435350114457,0.7588632837689981
2024-07-24,0.4674199332419905,0.5384602697539235,0.25440602919639627,0.7492544855349479
2024-07-25,0.5838084021746567,0.5965966111639316,0.3484147056068743,0.7565358045858174
2024-07-26,0.5933434152917753,0.5875517817611948,0.33292995111348966,0.7453207716308757
2024-07-29,0.621303285526635,0.5916319164558016,0.38273932196680427,0.756264802727132
2024-07-30,0.6218609568111544,0.6027883489446858,0.38201088641662817,0.7565733623258998
2024-07-31,0.5897639730754736,0.5111416289196107,0.34763028136557267,0.7509762159745771
2024-08-01,0.5364958251995943,0.33323205171234205,0.32857697803773533,0.7294795828376605
2024-08-02,0.6583472426220343,0.47971065093533627,0.40655991779297584,0.8058953128571424
2024-08-05,0.732181265946553,0.5012973154850554,0.46825193503349954,0.8810220423761197
2024-08-06,0.4325495683374733,0.37914357430719925,0.13218436457674837,0.9062855611435199
2024-08-07,0.436569612581962,0.38126578736394623,0.14087157195173927,0.9046874231898645
2024-08-08,0.43224243481353336,0.3817525381789832,0.14260106128295327,0.9050449289026331
2024-08-09,0.42241123547942355,0.3664592673817991,0.13752930785747144,0.9057827242369793
2024-08-13,0.4148167557428581,0.36372760667204845,0.129122494403409,0.909268811394009
2024-08-14,0.4119114054384789,0.36509708271588437,0.13103843053068084,0.9084477602337622
2024-08-15,0.4148513362786555,0.3674492740971484,0.13422521275880542,0.9096346865861868
2024-08-16,0.44158534966800417,0.39235337725045716,0.1684407650750668,0.9113129745957302
2024-08-19,0.4431098646693461,0.3894324595389501,0.17142304218450166,0.9115039994409204
2024-08-20,0.44443921165484207,0.3946210859712884,0.16921904746605573,0.9106560694028778
2024-08-21,0.44352735854724246,0.39335961813756737,0.1700208364336251,0.9111598649564491
2024-08-22,0.4446885580921411,0.3945777031757227,0.17021940704503752,0.9102739491802414
2024-08-23,0.44693911626952854,0.39109933010035686,0.16507359554124643,0.9080098193874097
2024-08-26,0.4402643370657699,0.3802355205872967,0.14821313171304915,0.9076222277908587
2024-08-27,0.4396960672375132,0.3780686335428112,0.15959483661711954,0.9133360168344863
2024-08-28,0.4372155310522968,0.3816213800492839,0.1506711193406428,0.9130556038609275
2024-08-29,0.4371524702145341,0.3807204810583639,0.14984839013080306,0.9133337439863746
2024-08-30,0.4366756644015678,0.3785479291958314,0.1544672892346856,0.9131809149090935
2024-09-02,0.4330016665188428,0.37909325125450205,0.1540156815174873,0.9156243039518982
2024-09-03,0.43379038738912973,0.37925502654308657,0.15407969305674607,0.915331056648674
2024-09-04,0.4653591789081462,0.42108929194860506,0.20300155271340287,0.9190697285832014
2024-09-05,0.46712246627899406,0.41956080291581616,0.20255200043631197,0.9209976971564884
2024-09-06,0.46343229770014227,0.4203050242002748,0.20323169810481878,0.9219896980562119
2024-09-09,0.44503777838091085,0.42203331926029714,0.20301844911015612,0.9218284104869888
2024-09-10,0.43984484787322875,0.41944743448111066,0.20044358387361844,0.9154283708648471
2024-09-11,0.43979380748164604,0.41569872112263284,0.20077576179941803,0.9125497246243062
2024-09-12,0.4474783530886996,0.4336282880042191,0.2008947108632183,0.9147043623668772
2024-09-13,0.44366316690012614,0.4334373717598626,0.19794096078882162,0.910758140937635
2024-09-17,0.4447119032738984,0.4318249784573525,0.18666913175566036,0.9084623142720335
2024-09-18,0.44431567116095644,0.4343618688468968,0.18681930509381423,0.9087148297568532
2024-09-19,0.4431897764207407,0.4297970637128993,0.18024103630953509,0.9092619582290576
2024-09-20,0.4467828337863654,0.44485545705268875,0.1869665075942235,0.9103494506083327
2024-09-24,0.44261966306647,0.4408229343586012,0.1980225455703268,0.91001623832446
2024-09-25,0.44327395724536395,0.43975295105102696,0.1976178643767871,0.9099081208766495
2024-09-26,0.4462308350402838,0.44146129090898373,0.17798911722630262,0.9093716166873763
2024-09-27,0.45683404433308034,0.4501246631322855,0.18504536327559407,0.9074376020881109
2024-09-30,0.4974548077997943,0.45367791880610575,0.17363744089219926,0.911241394033301
2024-10-01,0.49969114614676435,0.44680500340969515,0.1694822402103449,0.9116022805861789
2024-10-02,0.49762925849861234,0.45120534404354196,0.17726089418905333,0.912730900720355
2024-10-03,0.5025237716516298,0.45454676938362837,0.1762527549691839,0.9141828293216074
2024-10-04,0.5045571356779242,0.4548762459501504,0.1745444742464652,0.9134322916731857
2024-10-07,0.5151820439839669,0.45388597049607243,0.18545950122762714,0.9121439954655125
2024-10-08,0.5154803681248149,0.45355594996573606,0.19093735369609321,0.9114095924693509
2024-10-09,0.5161422016372453,0.45299801309671023,0.18717847125188825,0.9115974829690117
2024-10-10,0.5095322723240451,0.4449675771618457,0.18840798025156275,0.9104235592252383
2024-10-11,0.509542849278963,0.4443284111329096,0.1874781915278069,0.9107761547595525
2024-10-15,0.5134255826897118,0.4460706716451057,0.2023617891597863,0.9204429168296239
2024-10-16,0.509979780162209,0.44194992065248634,0.22088176194183504,0.9154717089800563
2024-10-17,0.5056089605266986,0.44162963943812694,0.2201104195220726,0.9172860802538102
2024-10-18,0.5034155009402771,0.43919708184585143,0.2150531767640277,0.9170565427428498
2024-10-21,0.5039710274766303,0.44549599815325475,0.21514415234410014,0.917297380193494
2024-10-22,0.5031250707027264,0.4423845377918637,0.21996574680994102,0.9182220406111138
2024-10-23,0.48849335840022656,0.42313042539307594,0.19466123114989142,0.9172806151915128
2024-10-24,0.4858808057375816,0.42186632258260875,0.19168051427302737,0.9203226535352399
2024-10-25,0.4805872561415562,0.4161497204451921,0.17543383892054187,0.9179253841176751
2024-10-28,0.4798294723306653,0.418312548666333,0.16481622283450428,0.9186517950968248
2024-10-29,0.48424668225430717,0.4386920738196907,0.16331590119370967,0.9247729910128191
2024-10-30,0.5006538191692639,0.5040185227865466,0.16452423823247458,0.9295062561216615
2024-10-31,0.45434933991537907,0.4471260167611367,0.114288623377174,0.9227553270924429
2024-11-01,0.3313102282463883,0.3947995543806249,-0.04689421981451,0.8895210682914163
2024-11-05,0.6598235586906664,0.5829020143039758,0.32546581267733193,0.8494152408218038
2024-11-06,0.65817584290182,0.5840172322385319,0.3404182624517774,0.8511196959509748
2024-11-07,0.6472841788909065,0.5694868070056254,0.26406130503393466,0.8538909522661366
2024-11-08,0.65615838519924,0.5907386870802648,0.26506422251438494,0.8534198801011309
2024-11-11,0.6825827076469928,0.6093317398019316,0.2913912559782715,0.8440516324490253
2024-11-12,0.679753326883258,0.6154540397108121,0.2843490910984456,0.8445606788695226
2024-11-13,0.6855009887394072,0.6175989517067809,0.2990931796939014,0.8273643184108593
2024-11-14,0.6613344148014254,0.5878107449669867,0.2572772323147815,0.8189631049850038
2024-11-15,0.669381960863508,0.5949308414287932,0.259973983968863,0.8161176086697859
2024-11-18,0.6760993627405005,0.5938563905413822,0.26153571172878065,0.8173134925992235
2024-11-19,0.676659952351277,0.5946216715569704,0.25872319398932947,0.8172831123216941
2024-11-20,0.675499312868832,0.5916819102600529,0.2592191196566843,0.8194619017437902
2024-11-21,0.6733030193839257,0.6103193967795915,0.2599132843347906,0.8240330523202283
2024-11-22,0.6767266326866754,0.6303001297945532,0.27932282007706083,0.8239034996915761
2024-11-25,0.6825807990777414,0.6383810956466061,0.2901911294720619,0.8279294106515722
2024-11-26,0.6773030676681355,0.633236642710252,0.27624585591957784,0.8289466998062278
2024-11-27,0.6793357898504078,0.6381601190269791,0.274870023622639,0.8310875100388811
2024-11-28,0.6700430030196399,0.63460747533228,0.266810484541349,0.8160010533591828
2024-11-29,0.6742381884950513,0.6395894500774995,0.2669930471759745,0.8169841132083807
2024-12-02,0.6761943243277702,0.6417600542319049,0.26938749439857096,0.8186815822163013
2024-12-03,0.6441755664770195,0.580870506855016,0.17333400043061342,0.7986393821445813
2024-12-04,0.6342078168965805,0.5850997901790478,0.17327651259956753,0.7963471571311598
2024-12-05,0.6405917867473371,0.5824625960012908,0.1666165712916553,0.7944497757124211
2024-12-06,0.6740483648055925,0.5986881261506212,0.16729026010362158,0.7956279633907252
2024-12-09,0.6954179562914691,0.6075120892418523,0.17388085115004837,0.8057374180302922
2024-12-10,0.698302811870343,0.6230847667218966,0.1609529148964769,0.8099256309736184
2024-12-11,0.704976994633724,0.5758655568944926,0.16017435169431876,0.8050840297233517
2024-12-12,0.7191343546051848,0.5826457892589064,0.15973814531432848,0.8120536450657934
2024-12-13,0.7204217409959177,0.5906664853819253,0.19736319622118234,0.8144999637306936
2024-12-16,0.7222046837239582,0.5728247805990181,0.19882770243042638,0.8148674355819191
2024-12-17,0.7370592598594418,0.591672767158551,0.21609636498888782,0.8134521287153327
2024-12-18,0.7340409593864318,0.5840165068241899,0.20045661569206152,0.8079988208612593
2024-12-19,0.7359335622588672,0.5858008594343312,0.21090577275116495,0.8125056924018559
2024-12-20,0.7262681499486107,0.5902659553454758,0.21146904513796427,0.8125489627873145
2024-12-23,0.7253752945912663,0.602867570446528,0.2695032698676115,0.7958772366478172
2024-12-24,0.6987926621477829,0.5600194286500083,0.25503861224988733,0.7819895121507983
2024-12-25,0.5938842963068246,0.5895516958671895,0.32836935328310013,0.737186446359354
2024-12-26,0.5717963026801606,0.6149567220183205,0.33356831182244034,0.7269565067190566
2024-12-27,0.5952444580492561,0.579985703981697,0.3205531408442439,0.7193090155048438
2024-12-30,0.5636313084995485,0.57877919655718,0.33977226684388734,0.7105482169232858
2025-01-06,0.5509493484098617,0.5558056542329601,0.3536670603005943,0.6917334027050067
2025-01-07,0.4707863624571512,0.568898061445368,0.32345125167185695,0.7088216789976135
2025-01-08,0.45564406414327036,0.5719828310369414,0.3110935192291159,0.7055494314979393
2025-01-09,0.4368788994115506,0.5702287188618562,0.30120947266243037,0.7080021766729149
2025-01-10,0.4441997859297363,0.5640396610490973,0.29744291552267915,0.705250371413786
2025-01-14,0.4826237052976492,0.5855349584900491,0.31869391873839953,0.7170085934333785
2025-01-15,0.47391234231202783,0.5789023392595232,0.30339416717438367,0.7133901758573443
2025-01-16,0.43464599897764394,0.5475317255342632,0.2873947656683976,0.6986585715730229
2025-01-17,0.45601456365585374,0.5499641287348868,0.3020761877472188,0.696806471639666
2025-01-20,0.47166750312619843,0.5624057313648247,0.3139378720951817,0.687794104973034
2025-01-21,0.4714968147010573,0.5618838717515825,0.313757726290692,0.6892785103613924
2025-01-22,0.48240066839123763,0.5764877736494257,0.32355147205171025,0.6785088301089455
2025-01-23,0.4798005849942792,0.5804744635106843,0.32653167939260647,0.6711151748487666
2025-01-24,0.48673148488256324,0.5831168277974499,0.32570535693057007,0.6710821025887251
2025-01-27,0.4644316614132835,0.5953173502843109,0.32668033827087467,0.6806802650081702
2025-01-28,0.5004841727233935,0.5890149518636835,0.3390338939656249,0.6871853902817165
2025-01-29,0.5010211164976109,0.5939367289584679,0.3348019623012563,0.6926019103264401
2025-01-30,0.48975910527494637,0.5873826666308527,0.34421821888513626,0.6971633779296944
2025-01-31,0.4916580998367525,0.5835663011235995,0.3424287050291788,0.6904058025373081
2025-02-03,0.44534972949419405,0.5207393212971915,0.3356149511963109,0.663209493161605
2025-02-04,0.43334154160454413,0.5060694876003492,0.3320530996864648,0.6605854741437631
2025-02-05,0.4146938792726963,0.5030656256846858,0.3036733944563311,0.6677390513315389
2025-02-06,0.44119772125296836,0.5235197147125782,0.39270950704222163,0.6705839096749195
2025-02-07,0.44568577559475947,0.52017460960904,0.3967952350903676,0.6721079983004279
2025-02-10,0.4446675969435895,0.5181598563071121,0.3881768698505792,0.6723145739571472
2025-02-12,0.45958906431796415,0.5195419895262873,0.40218619498457286,0.6714402747959066
2025-02-13,0.44571612827419244,0.5157076904249079,0.3542111938879047,0.6742559519648307
2025-02-14,0.4277536733960651,0.49848128085677335,0.3344452652437364,0.6786197007128044
2025-02-17,0.4253243497537784,0.49897613545400044,0.33810819732972575,0.6779575221386848
2025-02-18,0.40190237328067785,0.48186502908878265,0.3230723595678214,0.6751700865468264
2025-02-19,0.3948602967968041,0.47259845839035847,0.32591282545933264,0.6607154231977288
2025-02-20,0.4041693861544916,0.4538616767545468,0.3162379135326742,0.670318616481382
2025-02-21,0.39868787798399724,0.4508343676248666,0.31251436316174597,0.6720547900982616
2025-02-25,0.4207562467511874,0.47753685091765086,0.34021142213849087,0.683929422686016
2025-02-26,0.4098866479135541,0.4863472024509474,0.315000363008773,0.6597358846294188
2025-02-27,0.42232750949545605,0.49598459186994964,0.34181211743869383,0.6564539870461114
2025-02-28,0.43362744654908997,0.5579895834267463,0.35253311231798296,0.6707908862169975
2025-03-03,0.4432099549188567,0.5726069576754145,0.3939038324241167,0.676369672746966
2025-03-04,0.45013636506741256,0.5855622574948839,0.415115235210716,0.6654437726176592
2025-03-05,0.4345561051806856,0.5824204344406909,0.38703696644668506,0.6574536759023902
2025-03-06,0.43473389686195807,0.5753454587129656,0.41939687561259764,0.6297491331243245
2025-03-07,0.47524868274998355,0.6018927377424619,0.44064177489750145,0.6382728535122595
2025-03-10,0.47622716040662944,0.6009811729075415,0.441374847451055,0.640901977962135
2025-03-11,0.47464376664905095,0.5950478012801791,0.4354576796022388,0.6371251826457114
2025-03-12,0.47484708765770756,0.593594343810281,0.42746205481539606,0.6387117182582727
2025-03-13,0.4678415074339299,0.5934955297337352,0.4348838933527482,0.6367953803416518
2025-03-14,0.4511698331100391,0.5938498737453599,0.40757459571083243,0.6379766195639195
2025-03-17,0.44669998036399017,0.5927846230142569,0.4316885482536332,0.6460275693865527
2025-03-18,0.44949850036253375,0.5954791037887877,0.4405919020197962,0.6444853644831537
2025-03-19,0.450065891995692,0.6037047464904995,0.4409763258041763,0.6453091148380602
2025-03-21,0.4514672909924823,0.6095582363581773,0.4340261657460337,0.6456481166351077
2025-03-24,0.4466765688066666,0.6072530792944445,0.4298858539492916,0.6473654559406802
2025-03-25,0.4451073559521617,0.6064451304969785,0.4360318216663366,0.6459749935442946
2025-03-26,0.4596695652926258,0.6008420072457926,0.4347699164859521,0.6481608689493651
2025-03-27,0.47596898946593236,0.599255072037532,0.4207953839853422,0.6487940626288429
2025-03-28,0.4713797390695211,0.6173117088729251,0.4232067254874479,0.6517537747706138
2025-03-31,0.5578004917540897,0.6091681861203498,0.47817253966940915,0.6926224775074965
2025-04-01,0.5557160164219448,0.612919052718002,0.4787446558437346,0.6948781643829943
2025-04-02,0.5354331318784787,0.6247812141828983,0.48631078902682334,0.6913621149818084
2025-04-03,0.49832678565322314,0.5799227222927923,0.4338860451659836,0.7005319266468393
2025-04-04,0.5596453647350762,0.6331697466747511,0.4930765756097187,0.7283140203387707
2025-04-07,0.6757197396211249,0.6564090579013319,0.6916638847852702,0.7897911298811059
2025-04-08,0.6098135589128694,0.6437422087170689,0.5771659756207863,0.8284237406151733
2025-04-09,0.5778005638009915,0.6502535608163442,0.5767163728848435,0.8384086094059439
2025-04-10,0.7037560827285098,0.7648059222969951,0.7192488163916402,0.8791020553131823
2025-04-11,0.7102281009303172,0.7695345254109633,0.7270824460927051,0.8635055078801009
2025-04-14,0.7097974830466531,0.7714200906113652,0.7296806277242306,0.8650486393199667
2025-04-15,0.7098851428106245,0.7716285407942888,0.7338374986900688,0.8712921697591441
2025-04-16,0.70595524693092,0.7692801238699988,0.733865552470448,0.8717902269362302
2025-04-17,0.6861284096714548,0.7472585375758578,0.7113910111204896,0.8727613810110323
2025-04-18,0.6877554282029245,0.744983541201819,0.6997419728860867,0.8675948202696028
2025-04-21,0.6820902094988991,0.741226774124626,0.6936727046920629,0.8645876631081023
2025-04-22,0.6796459215267879,0.7389004842916257,0.6808464238637252,0.8650222947015591
2025-04-23,0.6852962222064589,0.7413802714433547,0.6882624217511047,0.8672627343060844
2025-04-24,0.6938651802921904,0.7384332747088543,0.6886988056044159,0.8690251679362946
2025-04-25,0.6986982568092953,0.7574817318446708,0.7004189294613837,0.8774422848909151
2025-04-28,0.6966653941234071,0.7572054379798158,0.7000978147543007,0.8765409431983036
2025-04-30,0.6959510945981798,0.7544648934187028,0.7009062972656539,0.8774512393999309
2025-05-01,0.6979030335149429,0.7559787559734519,0.701325425180722,0.8817958727855871
2025-05-02,0.7009147229453423,0.7644202579908028,0.7032712132330909,0.8828981164362895
2025-05-07,0.703820577739298,0.7673970431809576,0.7042611601284069,0.8724318051630557
2025-05-08,0.7031361422340541,0.7676288099609248,0.7044800494338113,0.8712561646930587
2025-05-09,0.7068859292255982,0.7673825344476359,0.7050135140932021,0.8709940985463864
2025-05-12,0.7077252183955713,0.7684871499752104,0.7045856645419021,0.8754142919130045
2025-05-13,0.7104922275754106,0.7661175035406008,0.7059519200935305,0.8731519233034599
2025-05-14,0.711829370592227,0.7611578829371005,0.7054684929594993,0.8724063615835523
2025-05-15,0.7136383044539275,0.7603848970134701,0.7097626767944162,0.8784682474573128
2025-05-16,0.7177582465949528,0.7635264978583353,0.7137503536793859,0.8734469612136622
2025-05-19,0.7163081589104011,0.7631725883536139,0.7098542185426294,0.873474595362754
2025-05-20,0.7142478775004015,0.7630297508404655,0.7098294631588054,0.873276699444938
2025-05-21,0.7146464505919683,0.7646894633513627,0.7100041576298817,0.8829975504451648
2025-05-22,0.7134582733822381,0.7707585786749844,0.7119022700049826,0.8826749637974886
2025-05-23,0.7167889644588583,0.7699178633520654,0.7148180242138948,0.882851178613285
2025-05-26,0.7113489661835014,0.7661440575443736,0.7082966323717863,0.8866166843116798
2025-05-27,0.711073866205369,0.7670687288338447,0.7089929202785841,0.9020037883596034
2025-05-28,0.6875578278746657,0.7630184955207797,0.7035913756542634,0.9020313556090418
2025-05-29,0.6707769263283905,0.7478143039302154,0.7002562586204796,0.8993940246437966
2025-05-30,0.6716156662760436,0.7435856160671181,0.6931235310067,0.8951633320477866
2025-06-02,0.6709903018210897,0.7442601725773628,0.687899038590722,0.8988431067154469
2025-06-03,0.6731085940632981,0.7430173550498755,0.6940610901884664,0.9019915290558521
2025-06-04,0.6722221142483095,0.7428555366668781,0.6939823810873742,0.9057601625060074
2025-06-05,0.666437061813542,0.7351516375869791,0.6921901365789104,0.8903198206523997
2025-06-06,0.6657485594549789,0.7359925859317441,0.6911559742780762,0.8908575703918635
2025-06-09,0.6684539424277671,0.7409639586815188,0.6950624557419824,0.8906697375462613
2025-06-10,0.6685097074120311,0.7409257313060252,0.6978506039834377,0.8899101325511128
2025-06-11,0.672924102556549,0.7438303658496875,0.6978934218413536,0.881219676990259
2025-06-12,0.6782752698971708,0.7459240769521794,0.706084419620584,0.8801737768695834
2025-06-13,0.6793350435991904,0.7442224208872317,0.7039352603223649,0.8724645250945282
2025-06-16,0.6721718553707067,0.7304126780587664,0.6831570770370128,0.871359500990726
2025-06-17,0.6715731820042007,0.7302768609000968,0.6837028467173356,0.8696922235745043
2025-06-18,0.6667027219728783,0.7269877847380795,0.6814000338312324,0.868840068020453
2025-06-19,0.6585374536145302,0.724902818393249,0.6806766462686931,0.8686257900076672
2025-06-20,0.6583400967406972,0.7261224562938029,0.6821157643411828,0.8686200170400719
2025-06-23,0.6574220981619361,0.7280627146134422,0.6824129263943308,0.8678481283059556
2025-06-24,0.6577912217299791,0.7289969461804914,0.6836295310011535,0.8673177621831512
2025-06-25,0.6618885220383643,0.7234468288801396,0.683803252163869,0.8630578034249692
2025-06-26,0.6383977147505414,0.7202119696928032,0.6726796150448778,0.8541219042883299
2025-06-27,0.6426554388535879,0.7192880979483846,0.6769683609354417,0.8539825109804002
2025-06-30,0.643569389623398,0.7182068942820319,0.6775631159687576,0.8544454045269312
2025-07-01,0.662714621485714,0.7325673992458209,0.6898928860313744,0.8515453077973788
2025-07-02,0.6553295742593902,0.7294517795736973,0.6707240111020453,0.8457214708850933
2025-07-03,0.5694239559285926,0.6890354852279414,0.5581864624532343,0.8030367858305906
2025-07-04,0.6400346915506049,0.7226240402622499,0.6653300869060713,0.7749828500499694
2025-07-07,0.6845120213463921,0.7160847546064011,0.6761969245701154,0.7465677696810632
2025-07-08,0.44052074585830675,0.397791991497682,0.3292183821190544,0.5983375050092729
2025-07-09,0.3267436368353213,0.22115413816805451,0.2096816789552953,0.6451272164272419
2025-07-10,0.3333867465889334,0.20733848093256746,0.18361221510022369,0.6497156705203601
2025-07-11,0.3282825420689389,0.2087082733313046,0.1745515981944192,0.6494808319775622
2025-07-14,0.347121965682344,0.21436522246246473,0.1708355700050824,0.6461370700951129
2025-07-15,0.3978393908021063,0.28301867210834436,0.226213692175338,0.6523982612139946
2025-07-16,0.3846487810399105,0.29570001634540255,0.26430691583505356,0.6716326286456057
2025-07-17,0.3859842603675336,0.28701810082771173,0.2671314784452871,0.6726420921456194
2025-07-18,0.37042735029968277,0.27868150478864495,0.2580340791985249,0.6702197620869281
2025-07-22,0.3428912834500529,0.2633647506095717,0.18259690912310741,0.6706435234347283
2025-07-23,0.2707387016592579,0.1416693127572362,0.1743071000836689,0.6325020872374129
2025-07-24,0.3209729454025069,0.04830278386051786,0.1655798463438726,0.5955976888433274
2025-07-25,0.3197063186282337,0.051845798633530116,0.1870308745915346,0.594912163618189
2025-07-28,0.33056775177493214,0.0660516423412865,0.16891090167026887,0.6088152821924473
2025-07-29,0.3429699338663801,0.049576825368640574,0.17192947687745208,0.6227204551347293
2025-07-30,0.33023236850268867,0.052033509142527655,0.174528464909407,0.6317108933758905
2025-07-31,0.32324426753007496,0.05883085899923489,0.16218126595206597,0.6461585145687584
2025-08-01,0.32002995026320236,0.08713583849954393,0.1744898283205922,0.5008309666949808
2025-08-04,0.3369651787108712,0.10552675856849233,0.19778358048392267,0.49160486553728605
2025-08-05,0.34236863777745136,0.11142058156381018,0.2107219455890746,0.48822008179915866
2025-08-06,0.301045833163423,0.010486411432166378,0.14396398882033545,0.4537945967797948
2025-08-07,0.30261307906231705,0.01792975657620267,0.14152322406602538,0.4464565096949013
2025-08-08,0.2872028827184912,0.05216339891567613,0.10513254389718259,0.4513866333635043
2025-08-12,0.3385818222276621,0.059054898379004905,0.10214454411870187,0.4474362786702
2025-08-13,0.3666241627758979,0.08764199923943371,0.14353815634084427,0.44419114816197125
2025-08-14,0.3695941090693955,0.07200285801492097,0.1008537934998836,0.4498767410712137
2025-08-15,0.3432672268719522,0.0590680353958196,0.08920940336805826,0.4523205689408799
2025-08-18,0.3276910667443758,0.015317656473788974,0.039510570821211496,0.4381173888496951
2025-08-19,0.32094582797261106,0.01662133550177149,0.04316116694130608,0.4327885522307531
2025-08-20,0.34940009619812046,0.07642671320744247,0.06067194736923872,0.4261959408572044
2025-08-21,0.36183567443437603,0.08698692935824373,0.06326767873662162,0.4327003201011597
2025-08-22,0.40404951525012217,0.09920075413052228,0.07712238474421027,0.4332768245627136
2025-08-25,0.4558081258869286,0.12185338349950924,0.11384962916296079,0.4126904409804135
2025-08-26,0.4728149860814382,0.13031846902199284,0.14391936006304845,0.3857010475051219
2025-08-27,0.4663881315898283,0.09068942569531944,0.1475917848871026,0.38200705103928295
2025-08-28,0.4654922633402673,0.09532906863478939,0.14957282162789168,0.3848686737152128
2025-08-29,0.46356917267763087,0.07857187003703765,0.14396626010870903,0.38424211016143944
2025-09-01,0.4837726746585158,0.14460089630182105,0.14762569231497133,0.41026518163625625
2025-09-02,0.4862774929790265,0.14712655053101487,0.15066341821310628,0.40903496161799724
2025-09-03,0.4778895938647858,0.15914487573192038,0.15126186109205103,0.41137139371657255
2025-09-04,0.4681526779011211,0.1492295880278053,0.14427847013473813,0.4119130016532304
2025-09-05,0.4767813350733046,0.15376488577615657,0.15501494798918916,0.4132772803246739
2025-09-08,0.4675540700031653,0.1699523066884763,0.13342369399052434,0.42650140948700593
2025-09-09,0.42931620392720415,0.1676311861436682,0.13573147567453087,0.39964122580691264
2025-09-10,0.43030878155510266,0.21094714782348237,0.20340180697767746,0.39871019224073123
2025-09-11,0.43329393824138035,0.22658886008901194,0.18065432709315773,0.40011590663376345
2025-09-12,0.4534064142391761,0.23984606590295232,0.21261146556696303,0.40795850372711195
2025-09-16,0.47802276823519063,0.2476757544912768,0.20502359244209428,0.39593134956603326
2025-09-17,0.47946699405709753,0.24569620370017806,0.2080532161266818,0.3730809147012179
2025-09-18,0.4724945575413955,0.23394112527109248,0.21523912688875463,0.3837911642106059
2025-09-19,0.4359688675726889,0.1862204070453548,0.19805726000259194,0.3697405441747168
2025-09-22,0.4146203035266012,0.1795917421421614,0.2024577841882362,0.37876849582577504
2025-09-24,0.41884706726422605,0.17002662659011963,0.21980350087689202,0.36055043168475504
2025-09-25,0.4008779225418302,0.16195797642232845,0.19708748902682302,0.3430592370484017
2025-09-26,0.39162014065489476,0.16768299095769224,0.1965326859815614,0.3581968854285522
2025-09-29,0.3910695785775207,0.16485257670171857,0.20659250032836288,0.3425121335907533
2025-09-30,0.3825308835450642,0.15709462404134522,0.2274767506862599,0.3384345926554862
2025-10-01,0.3912727478418973,0.15137880582648458,0.22172630489240344,0.3477064982231896
2025-10-02,0.38972565368498413,0.1649604440332361,0.22658351830506848,0.35753110024474366
2025-10-03,0.3909264154378613,0.19168061399745376,0.22625711934769316,0.36688082498678465
2025-10-06,0.44157202985902805,0.12407963599186866,0.24722235186870195,0.4339064221060762
2025-10-07,0.37251015010460753,0.11275481796746917,0.24994450569966917,0.43507407438045287
2025-10-08,0.37858637828637065,0.13035626534287695,0.2633171286273269,0.43737250124852556
2025-10-09,0.37009646508479693,0.1707966018887446,0.2629723524514202,0.4414797157083419
2025-10-10,0.34880277661594955,0.17415011980284006,0.2706807432180674,0.44161688607155475
2025-10-14,0.3527435720026992,0.22254677061468933,0.3007586135831907,0.4519022570470578
2025-10-15,0.2879784029168173,0.18412001926707136,0.3090693448756677,0.4602073429128336
2025-10-16,0.29948788233042306,0.20304868523502423,0.30360494539758054,0.46814256584802155
2025-10-17,0.3034244634896473,0.1990100356112107,0.33086467382611573,0.4659243943187605
2025-10-20,0.2950790119015106,0.17419560388589547,0.3421629043191601,0.4827826833658817
2025-10-21,0.3214885293521136,0.24177387293161384,0.3266059386538688,0.4868355608300171
2025-10-22,0.2969887979819724,0.24969886171696112,0.3028117121797148,0.49188428806083373
2025-10-23,0.31192481578006853,0.2777053789923819,0.30932336261490523,0.503879363168125
2025-10-24,0.3040884128005451,0.29102324751126774,0.3301693797639489,0.5010471440277697
2025-10-27,0.2992189936526521,0.32485797666893707,0.35628269782258,0.49458017674406196
2025-10-28,0.2795439249954638,0.2987237657032475,0.33653054297235635,0.4839234769839912
2025-10-29,0.27929027019150166,0.2924407563658973,0.3495006483544809,0.4934025069815477
2025-10-30,0.27742549094375846,0.2694064292342141,0.33899278500302926,0.6025821201580467
2025-10-31,0.2512502924534924,0.2144010799233484,0.2865490267313741,0.6177252249957457
2025-11-04,0.19389526745786279,0.20246512374998132,0.30999575726816675,0.5938584740723104
2025-11-05,0.26700004105178493,0.28377995915888,0.3387232538955796,0.641450470256769
2025-11-06,0.26341111349699625,0.2969919507359004,0.3437326713068707,0.6458940840859991
2025-11-07,0.2800536894115071,0.31019626101049064,0.39152689379083555,0.6538925826876403
2025-11-10,0.24955557223388064,0.2985895733901513,0.4007644727062071,0.6642347297876365
2025-11-11,0.22936607903996992,0.272546804899058,0.3784493564811881,0.6678503009657215
2025-11-12,0.222935627847896,0.27481705122398,0.4214366987082231,0.6540265157106308
2025-11-13,0.23836342995838608,0.28186147835223263,0.4280552898957814,0.6575381834879662
2025-11-14,0.2688482289810114,0.3361930534780964,0.4634830611904352,0.6871940888935215
2025-11-17,0.27105047763639867,0.3379819005003609,0.461640169332377,0.6721744147868528
2025-11-18,0.2861694610749003,0.34369312293487125,0.5103318590349498,0.6983014034469176
2025-11-19,0.28309645621088786,0.3431229829743232,0.5093556251479286,0.6963733852129804
2025-11-20,0.2879288307427246,0.35604442393105945,0.5001721563318732,0.71121666241991
2025-11-21,0.3148681635211547,0.4082312326735728,0.5522515251086652,0.7300303559449896
2025-11-25,0.3003026282589667,0.38192351416874504,0.5150075829776006,0.7269253037182063
2025-11-26,0.28423367236517927,0.37760338509815167,0.5289741618595383,0.7169180188980011
2025-11-27,0.29301234992765857,0.3849421614128679,0.5323823742110925,0.7186586087139034
2025-11-28,0.29599163017469365,0.38605410983627253,0.5339012404001952,0.7163853891641135
2025-12-01,0.27375096954333666,0.34288546290469873,0.49994297452578434,0.7088329502548777
2025-12-02,0.2739567838150214,0.34343050539936004,0.49522332164147403,0.7085565134692601
2025-12-03,0.2716735057761359,0.34154157677390806,0.4915620815661724,0.7062841759036783
2025-12-04,0.2763277290969945,0.35704913120635373,0.5101141855325813,0.7133249747440147
2025-12-05,0.25669248648812143,0.3606964785596211,0.5070232909878257,0.7188573654769724
2025-12-08,0.26034690254324305,0.35495220348200396,0.5237237680421366,0.7190508572312306
2025-12-09,0.2770834296566987,0.35653279240583535,0.5248209340862335,0.7236609343568777
2025-12-10,0.282692855811844,0.35836491223525724,0.5235332897078165,0.7245442677384419
2025-12-11,0.279746668705706,0.3439016510272638,0.5085232002999255,0.7282138787218795
2025-12-12,0.2716595159910844,0.3338744191939743,0.5167263199855622,0.701715720100277
2025-12-15,0.2886202406373307,0.35526928131717816,0.5279505051094878,0.7036651923409116
2025-12-16,0.2844208629969274,0.3589655611394903,0.5260515164283601,0.7223706735634304
2025-12-17,0.2838803269568568,0.3624338559518002,0.5163602905370733,0.721823952831129
2025-12-18,0.3100042342987313,0.3942655114692197,0.5249284726160065,0.7270654299179049
2025-12-19,0.32347937923131054,0.40494555910421104,0.5225221787328755,0.7280329920815904
2025-12-22,0.339623180278175,0.41803701095380197,0.5253714326804334,0.7348000449741953
2025-12-23,0.3396647641565234,0.41712755641126853,0.525561653390187,0.7353889079010754
2025-12-24,0.339145045007516,0.4160180594832459,0.5212813107011958,0.7343801056247008
2025-12-25,0.3351726656425605,0.4175416537129503,0.5306333596477305,0.7364892181750354
2025-12-26,0.3332028954152108,0.4167960201918513,0.5303111449285556,0.7365907383318815
2025-12-29,0.3251355818476761,0.42205622758346095,0.5344462170117745,0.7344452307241751
2025-12-30,0.3301294060822438,0.4200800222020028,0.53649930454002,0.7528502826666855
2026-01-05,0.33903152084145993,0.4294567273423845,0.5147826252807219,0.7657271478674289
2026-01-06,0.3132778878517269,0.4843227717609113,0.5293556736411369,0.7416304765153838
2026-01-07,0.3584833226019752,0.46831325672278035,0.501631062586716,0.728490390117741
2026-01-08,0.35501518954960004,0.4706487539192956,0.5143659280412001,0.7369403997237908
2026-01-09,0.3419665433051801,0.4335942837492013,0.5267190808594253,0.7428566001833696
2026-01-13,0.37189956689032955,0.4568726465023033,0.5272368821184198,0.7590118627119736
2026-01-14,0.38478836853097076,0.44697410687964106,0.48671315088984596,0.7567564405153144
2026-01-15,0.4499446359353996,0.4781651881308708,0.48478098104423034,0.7552259853096349
2026-01-16,0.4431091117241635,0.46475910068347326,0.4830834491056138,0.7534186843699582
2026-01-19,0.4494817408606426,0.4657461757257857,0.4745100077357935,0.7546441388650343
2026-01-20,0.45542141231021366,0.49401588469284125,0.47339866627158905,0.7529161562165808
2026-01-21,0.4609264609810156,0.4962803820321624,0.4684317418346109,0.7588779573116182
2026-01-22,0.4761106014039169,0.5086273048740524,0.4847551451476389,0.7620570285122672
2026-01-23,0.4647122252055299,0.4975880494102757,0.4739630493167098,0.7516172072233288
2026-01-26,0.4866764717875846,0.4965198798134895,0.48271926619366534,0.7521094786421565
2026-01-27,0.4727152731900612,0.4848400557781904,0.4688589178539095,0.7652064945483387
2026-01-28,0.4905994436249663,0.4961228029301276,0.4748375061517333,0.7672133734248331
2026-01-29,0.4879094703035897,0.4990366741130641,0.4746060980322692,0.7400631277738816
2026-01-30,0.4883895560904513,0.5016868114682164,0.4745346674588433,0.7410612455193494
2026-02-02,0.4799604123283495,0.5452224854869924,0.4975726352994101,0.7405039421058757
2026-02-03,0.5344993002249606,0.5541702127774719,0.5141245591515139,0.7664531362162016
2026-02-04,0.4925382317166834,0.5300221803559942,0.5097468143955115,0.7594655578138001
2026-02-05,0.48580249637724837,0.5250110868720264,0.4956090100483385,0.7696051589670767
2026-02-06,0.46070942856056446,0.514496637835266,0.45963542769543564,0.7699380447147118
2026-02-09,0.5374144337995647,0.5734688634308309,0.5254532100379696,0.7052290050671179
2026-02-10,0.5533382555026877,0.5866394080025346,0.5215239116312523,0.7053018725740197
2026-02-12,0.5495261157023009,0.5941377637980377,0.5261564394752022,0.7091809907411021
2026-02-13,0.5589486066341514,0.6018089666291048,0.5370033571942009,0.6962374955797518
2026-02-16,0.5313382465493129,0.5849311990169793,0.5165895149941181,0.6854606260360515
2026-02-17,0.5336042749722367,0.5846552610338264,0.517116845922068,0.6946606400900649
2026-02-18,0.5079014241275801,0.5793670775877539,0.4847525299491295,0.6713250675152596
2026-02-19,0.5082898887137975,0.5790146295717231,0.48421758744988636,0.6694213896030624
2026-02-20,0.5156071383354687,0.5772225348101541,0.5042244780848661,0.6578370363573969
2026-02-24,0.48655652315824854,0.5409610822143339,0.4591532326182662,0.6278347324552206
2026-02-25,0.515495359065654,0.5795725785571998,0.48736533127546383,0.6449971824325765
2026-02-26,0.5220552032568048,0.5860643362224756,0.46906902133857153,0.6501456303857359
2026-02-27,0.509446059843527,0.5674813120593307,0.46407261970934044,0.6396129984963989
2026-03-02,0.5076915758987287,0.5730368837701407,0.4797506070200046,0.6432043380801726
2026-03-03,0.5414857706270084,0.5749371091652467,0.49784469166764633,0.6493234734483526
2026-03-04,0.6043266922798355,0.6186949770326745,0.5179332263362398,0.6726060303977882
2026-03-05,0.6152217491973575,0.6211754758423463,0.5198761541381528,0.6747722037648854
2026-03-06,0.5828456495425656,0.6097792117565033,0.47526645283996594,0.6672568250270888
2026-03-09,0.5816967439394943,0.638401255866941,0.4923110915647763,0.7067134791571416
2026-03-10,0.5850098610615735,0.656524923871983,0.49746138563865394,0.7097803823031454
2026-03-11,0.5855875933013196,0.6573466925035767,0.4952274625950511,0.7102534024596017
2026-03-12,0.588565587248165,0.6514876403761762,0.4997422311731192,0.7135808319412763
2026-03-13,0.595307393841237,0.6639915515473147,0.5294219343995488,0.7148740910639111
2026-03-16,0.5977535846069926,0.6723251091782227,0.5236754860373799,0.7401202550936378
2026-03-17,0.5784221912851968,0.669361547872908,0.511947635384935,0.7385513749524459
2026-03-18,0.5607303419488691,0.6593827660493589,0.5097999565187132,0.7469498998688404
2026-03-19,0.5696747342691518,0.6473696553881777,0.5462806180982265,0.7468991242578378
2026-03-23,0.6032811870776271,0.6519066197254857,0.5684431415887663,0.747435439633765
2026-03-24,0.6028440463460436,0.652485500932261,0.5723514523856098,0.7478842309382379
2026-03-25,0.5626652605745314,0.6455054040224586,0.5551549407866014,0.7503872395000358
2026-03-26,0.5502736445710293,0.6436175443753849,0.5508791376179305,0.7503295342367613
2026-03-27,0.5474429407934013,0.6243639204771311,0.5512945824812514,0.7474570660398367
2026-03-30,0.5578975691612365,0.6296900568079065,0.5754480568261109,0.737441353800068
2026-03-31,0.5615454926347406,0.6344256257517563,0.5673456497578624,0.7401458443829477
2026-04-01,0.5947447611718164,0.674878005045046,0.618615231854102,0.7535687641984457
2026-04-02,0.5558042897028312,0.6352757448487419,0.5959127299022067,0.7595899795531516
2026-04-03,0.5389628685929982,0.625900294919891,0.6064147847684203,0.7512285640595191
2026-04-06,0.533941106233157,0.6239664981996801,0.6032748946789109,0.7500497643345692
2026-04-07,0.5330227880731304,0.6420436410222565,0.6218377399123959,0.7620370591022856
2026-04-08,0.5009704506853675,0.6237765299359117,0.5791537586794319,0.7873350864693638
2026-04-09,0.4561123551338519,0.5888770111561219,0.5100290211118366,0.7855202336973942
2026-04-10,0.44279252774695405,0.5814398199699718,0.5078797961049618,0.7824975635545921
2026-04-13,0.428606374009473,0.5705934626971866,0.5231866848685551,0.7780136573871189
2026-04-14,0.4267331879550995,0.5733150841791811,0.5285653873744792,0.7831868139982522
2026-04-15,0.4255548292220247,0.5767968167712395,0.5324674225140327,0.7822342837320577
2026-04-16,0.4130637290734004,0.5742752128824579,0.5249872857842479,0.7873217072071709
2026-04-17,0.4018367244116752,0.5659154746019366,0.5185455297354462,0.789230037158732
2026-04-20,0.4038404790284529,0.5648613365243612,0.5165209767325882,0.7901056640839171
2026-04-21,0.3929570094894507,0.55907405833962,0.5093523044318017,0.7859785166740808
2026-04-22,0.3906253060684127,0.5592282141615721,0.5076316590097837,0.7883989891926662
2026-04-23,0.3654785344298074,0.5424446862253252,0.4948908289174779,0.7868731475433197
2026-04-24,0.35967097199827647,0.5465314005154054,0.48992420408695503,0.7872887739682345
2026-04-27,0.36514411262032104,0.5526223293545608,0.48891919938045636,0.7996063364285827
2026-04-28,0.36710309386749446,0.5590656896094092,0.48884552170440315,0.8204320816208707
2026-04-30,0.3710105008901386,0.5620022870459644,0.49259938783390556,0.8215304212588258
2026-05-01,0.3738240934639205,0.556749939848054,0.4821108360773167,0.7955223338404321
2026-05-07,0.41829423605942845,0.6129009017396275,0.4635165492924973,0.8099506268057209
2026-05-08,0.41995478536830166,0.6071047079554229,0.4623762179242912,0.8073909613634095
2026-05-11,0.41072239868644567,0.5833513662278548,0.4687946110844681,0.806763386734925
2026-05-12,0.4125920312056521,0.5846144113497455,0.48126341740735284,0.8068920821543207
2026-05-13,0.36998818795578475,0.544340091007745,0.4440205627198414,0.8355012693202654
2026-05-14,0.35683689322144513,0.5338430099293696,0.4469139634185371,0.8348286262967224
2026-05-15,0.361613816878699,0.5311925976332865,0.42618367531794965,0.8359863163114014
2026-05-18,0.35973723271618013,0.5267821694267529,0.4239366172718137,0.8452569018615512
2026-05-19,0.36468697638483544,0.5259530756871813,0.42213015634174766,0.8376139748863602
2026-05-20,0.3700296477620854,0.5256461826478793,0.4268144662914317,0.8431540976406326
2026-05-21,0.3833013992499974,0.5439577793723986,0.4460657176898167,0.8490069225532602
2026-05-22,0.387025873722697,0.5418591411130081,0.4505055917086071,0.8499608891003892
2026-05-25,0.39392122232277016,0.5420965475601631,0.4522520354427231,0.8531570446628103
2026-05-26,0.39630235159255406,0.5432517750179029,0.46666080215157524,0.8527292498801964
2026-05-27,0.37546845468167533,0.5279275252460608,0.46034237070739026,0.847450380842293
2026-05-28,0.3815847410298745,0.5289885661038474,0.45872614334672385,0.8513396122216689
2026-05-29,0.38631032519778347,0.5343612131119762,0.4544627085241316,0.8489309779850656
2026-06-01,0.38743943808678033,0.5280086095300628,0.44863922233873743,0.8489909663566079
2026-06-02,0.36705738503546786,0.5356288651305532,0.4514700360548637,0.8486446144248291
2026-06-03,0.31498096628359784,0.5166638857305111,0.4387450690102145,0.8100858320880155
2026-06-04,0.3003112235581908,0.5098047639298081,0.4458598645482579,0.782858148487056
2026-06-05,0.31983604733726845,0.5211078091435265,0.42608086497908737,0.7791835216645169
2026-06-08,0.3777680743107343,0.5387920722327948,0.4356066489231627,0.7784019376249969
2026-06-09,0.38381274901846174,0.5386167524785873,0.42508075827981734,0.7772958600922725
2026-06-10,0.39505817351280736,0.5476520532476434,0.4226543375831074,0.7566086809591073
2026-06-11,0.3922198222335961,0.5426371618705448,0.40552490168431116,0.7526593572901723
2026-06-12,0.4079797798723477,0.5527598687015969,0.41722412309510526,0.7573758815808918
2026-06-15,0.4046586988662843,0.5371291489060773,0.41950354169958864,0.7685260739489681
2026-06-16,0.39932911501794943,0.5279149492649573,0.4202244187011253,0.7651022442889444
2026-06-17,0.4101994796577332,0.5131000111347022,0.42653551136588486,0.7631309081398594
2026-06-18,0.39970242186120025,0.5157064887742046,0.3715455368441911,0.7648008109235256
2026-06-19,0.34007810684837847,0.49701282947737824,0.3333720104842962,0.763983960060514
2026-06-22,0.3327523199699191,0.4932524510647652,0.3261484920085002,0.7648225706060201
2026-06-23,0.3305465250104601,0.46995851849029213,0.32303231483165545,0.7798787202528945
2026-06-24,0.3454061947582341,0.4712412623893651,0.3291880190681437,0.7805920517028174
2026-06-25,0.33180736606924466,0.44469308799827545,0.32009058631491977,0.7907703592877378
2026-06-26,0.25757487747363045,0.3892503399943997,0.2695436462032901,0.7978309132237256
2026-06-29,0.24848062874340873,0.3692261842157249,0.27006627152459023,0.7923664837775528
2026-06-30,0.20877857265226238,0.3375833343293817,0.1919978555844761,0.7943304141426505
2026-07-01,0.23585882292827887,0.35524341209459254,0.20440598849055128,0.7897437348294938
2026-07-02,0.2661921127116008,0.3875926874116531,0.21071494335875285,0.7990609566101253
2026-07-03,0.2515944405152516,0.36332615184676353,0.21805655819948583,0.7965385485025119
2026-07-06,0.2537191150492537,0.36420113513570374,0.2195810325008121,0.7961746063638289
2026-07-07,0.24778297884205025,0.3661915068026764,0.24678534459296705,0.7840983582341831
2026-07-08,0.3156701843376611,0.4047628983183338,0.3134903071308184,0.7873067573147962
2026-07-09,0.32133548029046055,0.404540413522296,0.2846078864262421,0.7852625211982162
2026-07-10,0.33196998873076966,0.4127634649383642,0.2795766520479073,0.7857691739061681
2026-07-13,0.3298428898215683,0.4103303903141538,0.26491184235081716,0.7882989340791942
2026-07-14,0.3198688107535357,0.3973354452709859,0.26179925530639003,0.7875881651094488
2026-07-15,0.3341274992733379,0.40604032580535127,0.26905150012256557,0.7851733478302578
2026-07-16,0.34788656100423765,0.4192489755449541,0.26289148020583397,0.7878275332337005
2026-07-17,0.3798858405575093,0.4406120846384559,0.27238466491768576,0.8039651927145678
2026-07-21,0.34473558160000617,0.423887765667045,0.21022141071233189,0.797400769921105
2026-07-22,0.3320274758155147,0.4154260809561324,0.20945784071880327,0.7984869052950804
2026-07-23,0.34037085327687505,0.42155713083489427,0.21681215394252443,0.7982523964503446
2026-07-24,0.3592404791844485,0.41857195334768194,0.24799302864128844,0.8048409828479178
2026-07-27,0.3496044085507604,0.40523839512852194,0.2531475195472531,0.8035264966514716
2026-07-28,0.3519005094455685,0.4096922363338611,0.22510779180804416,0.8161851059996796
2026-07-29,0.3569343040908835,0.41554604109692184,0.20006949577500838,0.8017194502280456
2026-07-30,0.34828030847391156,0.4019146453709614,0.17154808078023331,0.8092576258957268
2026-07-31,0.3411047146371879,0.3827223883411687,0.19274851318570188,0.8035093915488302
2026-08-03,0.3426064747985989,0.3822137159941826,0.18721494662646046,0.8044910800697882
2026-08-04,0.35252845368513314,0.3938823307526028,0.186608313283138,0.8030640853406398
2026-08-05,0.3800320841490945,0.4190095326690654,0.22852399752502653,0.8000798025000538
2026-08-06,0.38070175338109485,0.42754037814560936,0.22499287232887885,0.8020783128221919
2026-08-07,0.38809905733047456,0.4346713111278135,0.2219007076392826,0.8027164940555868
2026-08-10,0.3898005843040228,0.4449481659431964,0.23796175935669872,0.8059471155252994
2026-08-12,0.38690843086373045,0.43669415256204497,0.2249757079484589,0.8054312319704083
2026-08-13,0.3891626428010228,0.4377965510363387,0.22427955214031123,0.8081285146889534
2026-08-14,0.3845254370635053,0.43917467231370966,0.21581419599051893,0.8059567340356374
2026-08-17,0.37687240667740796,0.4250582578102774,0.18758828312919565,0.8016531843975345
2026-08-18,0.36479967099007227,0.40978710342749114,0.19249820788708397,0.8101383928945716
2026-08-19,0.38574149378177724,0.42488732495557113,0.18857004713618417,0.8055509013906
2026-08-20,0.3816226108673,0.4172275268722943,0.18947092055184236,0.79992038596279
2026-08-21,0.390653242748081,0.4235308817861922,0.18926013466760214,0.8007175402881109
2026-08-24,0.38801476698139803,0.4229398136461415,0.1822576649620671,0.797447342220592
2026-08-25,0.38316260187534196,0.41813769560026237,0.18591068131747837,0.8060248606156432
2026-08-26,0.38304726656305305,0.4195892036076036,0.18259797885265616,0.8054529998261897
2026-08-27,0.3866658398290469,0.4204891139257198,0.18295922095460113,0.8059931933967608
2026-08-28,0.3881469514615703,0.4041139020262598,0.176788962510649,0.8112283533549997
2026-08-31,0.3955459864642167,0.40890618473572393,0.16408994957932094,0.8316877615975918
2026-09-01,0.3939084468385242,0.40563817091473314,0.19217250636102856,0.832864277487334
2026-09-02,0.35166277882209496,0.3586776042201843,0.16550109359080326,0.8239046846769166
2026-09-03,0.3381581554677339,0.3413779083060525,0.1709551610582048,0.8239227749400884
2026-09-04,0.3274558893380474,0.33674602644296714,0.18500060127930154,0.8450510169429927
2026-09-07,0.3408824624520882,0.3501885527428804,0.17991185890742703,0.8507847277228366
2026-09-08,0.3065093350377773,0.31679700961149154,0.13648896281538694,0.8475060733539
2026-09-09,0.29681166589056396,0.3122819528771863,0.10569467088785417,0.8394849481109145
2026-09-10,0.29949668382674005,0.3163142443737336,0.10054282569306974,0.8411377415316476
2026-09-11,0.30110229691996815,0.3443244838664732,0.1072526864142091,0.841012708514431
2026-09-14,0.2905789080139105,0.3352698188142002,0.12237542208270923,0.838542161927244
2026-09-15,0.28546289590377255,0.3273523040346185,0.12094806392872519,0.8392615510982294
2026-09-16,0.2880499953543398,0.3288691631420003,0.11422399642169012,0.8374028951425154
2026-09-17,0.3244927590748649,0.3634513935906769,0.11899478159264543,0.8289257994271478
2026-09-18,0.3348992444095869,0.37444233748403677,0.12806559928555472,0.8316033819402991
2026-09-24,0.33560866143122053,0.39506560594191703,0.10799197687603308,0.8179127606811115
2026-09-25,0.43283095816799994,0.4602006175237528,0.11515054868487205,0.831848340075267
2026-09-28,0.4328411375247351,0.4699379624034418,0.10581170457603685,0.8330756471811231
2026-09-29,0.42962041290795794,0.4667271886254422,0.10277125605658946,0.8066509138225327
2026-09-30,0.42486008354726257,0.4680926093662751,0.09325651307740287,0.8084358877510233
2026-10-01,0.42314876162304627,0.4309287587536253,0.05721399533572357,0.81187742665064
2026-10-02,0.4303724987244435,0.4657405943527253,0.03501832585397677,0.8150465698588061
2026-10-05,0.44769163950444807,0.473849373573159,0.05083832396034697,0.8214361121307181
2026-10-06,0.4979330434330067,0.4959852599561096,0.06414838888234396,0.8166956944596839
2026-10-07,0.4694357107940761,0.4765509331375028,0.052159275664027054,0.8162137452680593
2026-10-08,0.48016997066485045,0.4741931996811881,0.08266312762359618,0.8173108250398661
